user name,address,description,location,twitter_name,twitter_username,avatar
thecodequeen,0x3d1f03d2fe723e046aebb1679846fe03e3f2b79b,,,,,
MEX_FIRE_23,0x1d2b3e759aaa6310a8ef29fcf5e7e5b64b85944e,,,,,
shofarian_starfall,0xe9df388b01369d972c53abeb446c5ae646500222,,,,,
,0x4ba6b349198c683974e9a805087Be5D1bfEBdEA4,,,,,
Plastic_Employ_6539,0xa79087d781ed6fac73cd3369f725f9711c16f1c9,,,,,
Ok_Knee6328,0x5247EBBC5D58C2175Db1CE5F246ea566fEbC4885,Hustler,Naija,Kevin J,jeemmai,https://pbs.twimg.com/profile_images/1319230711245754369/MsxQbjnu_normal.jpg
abbastemi,0x5DE25a7897cB6B190098c2a5C0f84B8f1E0E7377,,,,,
jinandtonix,0xf376eae57e7a22908b23d27c1a103ab237396e15,Always on the hunt. Two Clicks. #NFT Collector #NFTS #Metaverse https://t.co/KwF6XUsSzD,Beantown,Jinandtonix,matterme,https://pbs.twimg.com/profile_images/1435485093867425792/EFqyDi72_normal.jpg
OluwaTom,0x8b949fb3b1d8c5f07d76789f3c660e332ca431ff,,,,,
Hertheyearmi,0x4F429Df34269c7b87F6416e497f748Fd3D687fFd,,,,,
Money-Reserve5218,0x54367C68DF482EA3d9762cB4f79C9235665217F8,,,,,
JayCLiP5,0x89436409eDaCbE2a8e1B6bC7D0A7022a24F4849D,,,,,
Prakhy90,0xD6a74AAE150fef07B17e6897054882451F56e15a,,,,,
Chillzzz3,0xfc4537c608b71949fe67d193bb57e7cb289c9135,,,,,
Meanmug040416,0x676d034c3d1384511c791b00bec198c0d9507be5,,,,,
Sammm2907,0x3169743Fa0f0C86F94B1543E915EF1F33c506e02,,,,,
rollingwiththewaves,0x3efa5eA8b5f7D5094DDaCD610a9B5cC2740AFB84,,,,,
Jutsor23,0x07bC0da1D6B3e2059F377CD2A7585A1949f5C166,,,,,
Donsly_9124,0x18D04259a7E09D33E09ec038839ADE44b7094D86,,,,,
Dhameelola,0xd02F86c553f4Ea33032dFAA923c180F6c381Cc69,,,,,
PEARSON_SPECTRE,0xd84F9e666e7eA61B4893614872f6596FE644Ca25,,,,,
Teelopee130,0x8732eE48497a271F0b688c991d83dEd2755990B9,,,,,
Asleep-Rice-9256,0x0655D0d745594144e5Cdc0CbDE7eA6a5fa578843,,,,,
Zealousideal-Sea-721,0x61014A93efd9c58539C106ef05583489942dA32D,,,,,
Midett,0xCCE4932F2607bE5139de645D672e950659c73865,"MideTüï≥Ô∏èBarcelona fanüï≥Ô∏è
I follow back",,Mide_T,mide_ma,https://pbs.twimg.com/profile_images/1468726789270908928/V3TRo8p__normal.jpg
General-Skywalker,0xCf2721f77921612d176DE01B3A4dAD2f986f9F2B,,,,,
FederalHoodlum,0x0602E5A95f0c0cca3c5c9a35D972934BF5EbeF07,,,,,
SnooRadishes374,0x668Ff840f2A688Ec2e9b1C18eaf2aB729FAbf49D,,,,,
zedmed2009,0x531e02aee25f878607f9a9d6b1a92277c2f76e33,,,,,
AffectionateAd3759,0x9c5Cda582129AA9445e6408B0c791DDC09E5f984,,,,,
Key_Commission8645,0x0F879d7652C7D63d479B0D1d50f91c8B93fD3037,,,,,
kbajori50,0x43ed00a450bb6fd3696486700fd49e8590557b7a,,,,,
Patient-Zombie-152,0x2bc96F3f0F8a4e9B8dEfF736b319a6a281041408,,,,,
Vivid_Research1773,0xed01Af7e51017cE507cA4FE8F094a79b6fb17E30,Am gentle guy,,Seyi adegboyega,Seyiadegboyega2,https://pbs.twimg.com/profile_images/1435205299191914496/ao9NktFA_normal.jpg
ThatGrrrl1320,0x43e8c4a140A111Ac7fc86E558601391344E034cD,,,,,
Habitech96,0x184f4D503c4cC5F53c571c791ec358Fa3B2263E2,,,,,
SeyiNuel,0xc9abf010Da3959E020b3A27bc65405f48D0e6ed9,,,,,
epauloo,0x153e76a0E1e5A50848C52625528216cECA198A36,,,,,
Dannysilver8624,0xad85e70c137d2b43802e99a85f836e14f57f9282,,,,,
Abrigo21,0x3c903b37668e89e232be8ad841ba7e341ab45c74,Real Estate Investor/ Entrepreneur,"Houston, TX",AE,AbrigoE,https://pbs.twimg.com/profile_images/1465552833873432580/ob5N-myt_normal.jpg
COH-NFT,0x9157304D83686b068FEDCF29C3052930d4e4c59b,"COHNFT Collection on Opensea, we are growing in Number of Holders Rapidly, Join us For Free Giveaways on Reddit Opensea channel.",,COHNFT,COHNFT1,https://pbs.twimg.com/profile_images/1456965496960598019/M4HNH1tZ_normal.jpg
SubstanceFormal2347,0xfdc6c58d479346be64257892464ce7a3bd204e69,,,,,
Famous150,0xcba57ff5b8d8b90c8b7b89f433c2c74ea79ed43e,,,,,
Macvictor3030,0xf103bb61A670784951a5C4865bA16dAA5C9E38B1,,,,,
samsimon123,0xa07e841cdeeef8e281905c56d15e3ccf6365b091,,,,,
Kohren17,0xF805dB833e650C4b67E2375bbA76248e9e51A8Aa,üöÄ NFTs Collector & Investor üöÄ,The Moon,Beavis‚≠ïÔ∏èNFTs,Beavis1234,https://pbs.twimg.com/profile_images/1471651000280829953/ilFw80jC_normal.jpg
Keytaxam,0x431181da51f726b51fbe7a1300e40700934e30e1,,,,,
skully00,0x14035a52deA6404f5C923e44f6760ea0701Ac7B2,,,,,
nicksmith_01,0x559d4a173Ef8cafe614e37bC1EE7cF57F6CdcAA4,,,,,
Rawman9126,0x9332c3f36f1a5e4a3639bfef18233df47a64ad67,,,Rawie Parmessar,Rawman9126,https://pbs.twimg.com/profile_images/1458232544290279424/YUMlISKZ_normal.png
kainui11,0x06f6eb07d78ab7d04c9e5db66944cca7f30dcbc5,,,,,
LawyerSalmon,0x60b9BB4A9D20ee7fa29bD26DACebeCB300Ef42F4,,,,,
malsv,0x4d4672535bc0934b7551e7e30d9ffcc8378c4efb,,,,,
arashatora,0xfAA1ba75F56b224E01ED4B25F0fFc9b1fCE176A6,,,,,
whosvivaan,0x34c3e5b999da66f7b6e568c5e85a92ff431c2eec,,,,,
digitalcowboysd,0x581Dd07246364F1c790587677A30E7138350Ea78,,,,,
Gxafolabi,0x5b5b23FA206e9Eea9E0f2C00Edea52881039Ef57,"Koi addy:  
umkScRr8dxqy1hjMKeYzt3M1ZCw9mw0Je8jsbj_J3kE",,Gxafolabi.anons üéèüéèüéè,gxafolabi,https://pbs.twimg.com/profile_images/1471836391894040580/7c6yxE9p_normal.jpg
3anaki,0x426ecbc1e53cb606f4bd0f4c2f49ddc356f46207,,,,,
RealMrJ,0x87D2A309cC2ff9e5B2E14D28e56DD4F282aA6045,,,,,
Kind-Advantage-6040,0xc2C7643e7c8E664a3fff41A754F0e4852D2EE761,,,,,
Upset_Bar1501,0x4cd7f70ad00eee6c85c63646d305ef7369e45db1,,,,,
JLMiro,0x944bd00ee2c9112231a9b0907896af854bcec666,,,,,
Intelligent-Ad8683,0x6e53f2b7b51c91d68be6217e63a130d9aaaa2d53,,,,,
Nashoba12130,0xeed677f03afac45fc11aa3f40a947a456aa8882a,,,,,
BADUS38,0x8c8bc35D7A4aC641c7c5dDB0BfbB9562fc196b83,,,,,
JackHarkness67,0xb61743c5fe2d3f7e911b6663b9326890ca3ca0e7,,,,,
keiziiz_06,0x771123bbe10f937a666d4e1d9104f04fe550548d,,,,,
Shalombol,0x60178113d66AE40cb128c5756fa5cA549CcDaF52,I love Jesus..Happiness and Peace!!,,Shalomoji,Shalomoji1,https://pbs.twimg.com/profile_images/1464712809154064385/EB9LHFTt_normal.jpg
Fickle_Ad_8540,0x80F31B83538439Ba6257248802f4F439DcFAAf6e,,,,,
tracid56,0xb7201fe742f43e63bfb027cbc074058de031bbe8,"Hacker vaillant rien d'impossible!
#HackerEthique #bugbounty #cyberveille #CyberD√©fense #CyberS√©curit√©",,Tr@C|D üç•,tracid56,https://pbs.twimg.com/profile_images/1865552663/1274575195_normal.jpg
JolieOlieYeya,0xc47888133b33eb729f4012013849b4d271469d95,,,,,
Iliesnx,0x89251291ae2858d4a1b4ad23d8ce7d708911777c,,,,,
Secret_Sample6274,0xdd9A28ef2F55055cEB6f1158A383d1b3Ac73c12F,,,,,
Shao_pix,0xcdfb5e8977ce43446cae6b273d0dd87d3d824668,,,,,
Fantaaxx,0xd5b681af4cca6b86cb2d9401fec2d7ae99927977,,,,,
_HUNIN,0x78820E8A72d7E3da3906AF85Af291451239Bd2Aa,,,,,
Sea_Lingonberry_7514,0x3ecbb853e8c0fa687b1b6dc28c6d6ddbd03dedb5,,,,,
Abrigo21,0x3c903b37668e89e232be8ad841ba7e341ab45c74,Real Estate Investor/ Entrepreneur,"Houston, TX",AE,AbrigoE,https://pbs.twimg.com/profile_images/1465552833873432580/ob5N-myt_normal.jpg
nohwhatnow,0x4211a93f78598E91B636e131d4C4FF39C45182e9,,,,,
Crixus_Da_Gaul,0x4abf1c036079cb5e3f562f44ca36adbaa483332d,,,Christopher,UCSCTweetBot,https://pbs.twimg.com/profile_images/1463402313054584833/0qgPHNtC_normal.jpg
DebNft,0xfa362e01e9b54cd200a5b1c3b9cff8d0e0cde47b,,,,,
j_memez_,0x158be70785fd15af2ed2ece9f2eefe733834b00d,,,,,
jeromeazavedo,0x0873F73A017a5d76fD7412e146fAE9c152Da48f1,"Protesting, rebelling, revolting",,Rebel_Uprising,RebelUprising1,https://abs.twimg.com/sticky/default_profile_images/default_profile_normal.png
malcomhexxed,0xcAcbf7b0254239aAaDCb230C8634017CD1379d15,,,,,
Rust1KWolF,0x6848f7fCc61079A44e6A5CDA4A99A9A64450AfCC,,,,,
gufysss,0x4bf25e9bf6949d1b3142d025743a719f49861692,Metamusk,,Metamusk Governer,OrestasKaminsk1,https://pbs.twimg.com/profile_images/1473062158892158982/zV1VfJoG_normal.jpg
Bkat_13,0xeeddc1c30f5fa962fc7adcb44f477137bd91f4f1,,,,,
ThenChoice2,0xec04321d7ad158D592066A66e5a77E206F97Eb3a,,,,,
tortueutc646,0x4350fe94a469e28b718798872a25d2b0ab44f38e,,,,,
Suspicious-Aspect579,0x8C1fAc65CeD56B5EA6260480C8C9cb9CA994AcA4,,,,,
teddy0z,0x5e0EfbDc014A54aA8360ff91576d03ABc0620B1b,,,,,
Kitchen_Roof5053,0x2ef5B3c816f47382ECE592a14830408F4D9C75B8,,,,,
ZKY95,0xc7ad35896a296ed95c6dd958884206abb0bc73ca,,,,,
guinftlife69,0x2c251c447a7aa5d6cca39850874d9d2061f1938f,,,Blanc Guillaume,BG60027519,https://abs.twimg.com/sticky/default_profile_images/default_profile_normal.png
BaeBeno,0x62211b5b5e93c7aad891902a54561c5b182b07c9,The ‚ÄúFVKU Series‚Äù is a high end designer t-shirt collection made for the metaverse. An artistic tip of the hat to those who are not afraid to be themselves.,,Metaverse Fashion,metaversebay,https://pbs.twimg.com/profile_images/1466520841399771139/SKpQrSvA_normal.jpg
YounesNijim,0xad54a04e203e432b391493b4736a7348c0511ff5,,,,,
jandesneiges,0xbc2c14211CD840AAD843F5D591d1D875982603e3,,,,,
motzaburger,0xD4a4a7A836200C0A71c34D7eEF25F514DFDb7E1a,,,,,
Maximum_Question_643,0x57ab04cf96020392ee5aa71128f9239e9babbdcf,,,,,
Academic_March294,0x5f876b0f4414972c3652893b68990c699223b9cf,,,,,
Mark4839,0xBa1A520eD92Df35A6C7769F2f3218b1265290B0D,,,,,
Celciusblaze,0xa530AA9A45758b0B8bFE91416746d70fA1bb1caa,Don't fix if it ain't broken.,"Roswell, GA",Amazing,itscelcius,https://pbs.twimg.com/profile_images/1421143940888158217/MsHFLVRX_normal.jpg
Such_Dream383,0x1a9aed73944e45cf95c00fdbb0f7a4c833ad7fa6,NFT Collector & Crypto Investor,,NT_Dumpling,AmirDorly,https://pbs.twimg.com/profile_images/1471879389793202185/42nBenrc_normal.jpg
Mobile0range,0x90bAd75DA702af2b4D0036D6434114AEf58174D6,,,,,
Freebs_99,0x8ea3af546f58aec3e2c8d32eba14629f5a805fcc,,,,,
ComplexSherbert3204,0x8c199DA5Af94980631667C98891a5aC6eE2cE753,"NFT Seller/Collector. all NFT prices are negotiable. if you‚Äôre looking for something specific I can find it. invest in crypto, unlock financial freedom.",,Drake Bentley,drake_bentley,https://pbs.twimg.com/profile_images/1467992945156452355/0EDLrpYg_normal.jpg
l3ouble,0x2dEf81FDE8E0C24C0bC7eC40BBEf5529EfB8F50c,,,,,
KanardWC,0x1A8B49369193fdF01BC0a86D14E484B1Dc69Af95,,,,,
LawyerSalmon,0x60b9BB4A9D20ee7fa29bD26DACebeCB300Ef42F4,,,,,
badaboum_badoum,0x20b3e84ea42ffbb9c1fbced052c17c4706e76a04,,,,,
dowski01,0x117Cc6D2af5f6A63b092f4ae6a82c6e37aADd19f,,,,,
Binno-1545,0x0d7AD70e8c698DFA44B04549d94F125841Bab22a,,,,,
Many_Income7462,0xf1b7c927747f4Cd3129e1D302E65e7F8a2b7f2e6,The Afterlife.... Come Mint a Reaper by offering your soul and .0333 eth and you will be personally assigned a Reaper to help you cross over to The Afterlife.,United States,‚ò†Ô∏èDeadRonin‚ò†Ô∏è,DerrickHadra,https://pbs.twimg.com/profile_images/1455006052521594889/av52CSiJ_normal.jpg
Keyzz692,0x8443a70c40a6dFb8A99338D8035Ea34e5Eedf193,,,,,
Mean_Fisherman5437,0x00f9bee55c9205cbbe65471c60fdcd3c88887dc5,Only God can judge me,,steven Krotiris,Stel_360,https://pbs.twimg.com/profile_images/1464457325549277188/vDJ0MjQ-_normal.jpg
hunter0522,0xa8F507dE3bA390055bE418cbB15EaB20B1756A1a,,,,,
TwinBalls08,0xeb94137Fd084E0B9A9776367A4C1F87CfA64E0F3,,,,,
Serious-Split-3252,0x30ce0e82f1a9de6f084b9096594695bf6b4f9d52,,,,,
Jadorelespates,0xc0a91a709caed8a684a9b7c34014164568045e25,,,,,
BushyMike,0xEccDD5cA6bB32f3CDa9A899E0231e8a4550F19E6,,,,,
Mmohawk,0x448bc30ee1deddb4a162087438793addd6b2ab14,,,,,
PerfectElectro69,0x0af442a92185065d071272c63566d116140fa227,,,,,
N0ck3t,0x5FD6A302215A2e9ffDdE0a59c326dB0C0253AE2b,,,,,
Remarkable_Two_9104,0xdB75fa59043B490b7Ad406386469e3F994dC0b53,,,,,
Drag-Impressive,0x3F284422269C3386Da7978d53df510b1B3B4Ac0a,,,,,
bgauryy123,0x86421c582EAAE61C7EbF0c5Fa872743Af361cFa5,,,,,
TheWolfshifter,0xed87aae938cfaaf19c69192e874f015aa4109283,,,,,
Icryptoguy,0x2B19743f8f118CAE265D57c7884662382848cCfe,Code and Chill! #Rust,Somewhere on BlockChain,istarman,istarman3,https://pbs.twimg.com/profile_images/1470813929957847040/joPQePma_normal.jpg
divineifee,0x935fd0f3819a349d272080b3ae3d92195b819889,,,,,
adaramola001,0x0522dceF83aeB9be87FF5e332cd16Bc0BAb0E02A,,,,,
VeterinarianExpert52,0x50a4FC46d9fbeA24AA6B977F4864FEFB1a7fC3F3,,,,,
sinatraxoxo,0xceC746144350ADE03375C91bf174eCE365D1771f,tired college student version of steve lacy.,Anywhere but here yo .,buttermilkjesus.,x_sinatra,https://pbs.twimg.com/profile_images/1429097411922874374/1Tde8ay0_normal.jpg
Freakout_Games,0xd3b4df1fc18a9f3317d139482675ae24f9632148,"Promoting and sharing news about #metaverse #crypto #games #nft

Tag us and we will retweet.",,Simple Human Talk,SimpleHumanTalk,https://pbs.twimg.com/profile_images/1461633960153268229/A-y0wIzU_normal.jpg
dudicslevente,0x1C79F97d8995CfA761C1483885266685996b5CFB,nft,,Levi,dudicslevente18,https://pbs.twimg.com/profile_images/1471512983834554372/MWLWu15i_normal.jpg
xxTinmar,0xeDE172ab4dcD7573a970246Bc550D822f1a3179d,,,,,
JamZ1978,0xEE1d2FBF5057Ed344a254E104B1bEE37F6242CBE,"Shib fighter and champion, Crypto and NFT enthusiast!
Big on anime/travelling is the best educational experience!",,Jamal,Jamal_OZ,https://pbs.twimg.com/profile_images/1472668338975227905/QMPnMNeV_normal.jpg
KnightRider1308,0x8B742183Ba84Cf6e08204C64cE80604e06eae831,,,Ismaa'eel,Issy1308,https://pbs.twimg.com/profile_images/1468618660021481472/5wMtw8nK_normal.jpg
Rpgesuss,0x35e001eF3B49299C5647822bF22f0f829463205b,,,,,
Gillaskillet,0x4461A4908D5639f3dCFdcA22388cfBd783565750,,Sweden,-,Gillaskillet,https://pbs.twimg.com/profile_images/1468552560961368070/yEkps2qi_normal.jpg
TrickyRicky-85,0xB102d21aEBe73E52c9423D5A63577149D651Be8e,Who cares,Antarctica ,Fat_Ninja,Fat_Ninja_bird,https://pbs.twimg.com/profile_images/1450772522601959428/2NAwZleN_normal.jpg
piyush_pandita,0x5f505d508aD9A6E0c1AD7e557c5e849dE949B94B,,,,,
benstu777,0x834448B4e2e681173E4E73EcbB38798112fF9895,,,,,
ryangroves27,0x4410F7764eCf96a4C8da25DeB37b07b9bB9C496F,,england kent ,Ryan groves.,Ryangroves27,https://pbs.twimg.com/profile_images/1468022764778971138/eqhkrdig_normal.jpg
ddoran321,0x7c868469f54e00688120b1ba14e7feb5c545d3cb,,,,,
Bhenji1111,0x5E881a2bCf7B31D37923E3D21C90FE92212dEAf0,,,,,
Weezi47,0x7B4c67A1A216e34Fc7257090C5f19359CAC3F0aA,,,Charaf Benmokrane,CBenmokrane,https://pbs.twimg.com/profile_images/1402065924249862147/VE1WtHcv_normal.jpg
Nebur_1203,0xb915c55871d860666e740eda88389dfcd80112d6,,,,,
kishorexk,0xb23b3B45d195FF35A7d85369D47554f34a6cF138,,,,,
Sharp_War_9678,0x6AC5c34bc32dD11fd62F3F3aC3f0ecFF083f0a9D,,,,,
OeaWig,0xd06A173ef732b205Ed77453512F6310A2d67F413,,,Axel.r,le___roux,https://pbs.twimg.com/profile_images/1330618390193508355/DAmwo_cN_normal.jpg
Chapori07,0x701ac9eE1E28687bBbFb443b07Ccb88b8800847c,,,Chapori0,chapori0,https://abs.twimg.com/sticky/default_profile_images/default_profile_normal.png
moe-delbani,0xE024cC7527A8E92cDCa1F53E8dfc1470ae4d30D9,Visual Artist | Video Editor Photographer | Gamer | https://t.co/CbkFgprywb | Instagram: moedelbani | DM For Design Request,Everywhere,Moe Delbani,moedelbani,https://pbs.twimg.com/profile_images/1207232742083219457/jF5QhcfC_normal.jpg
Wavyprody,0x387c3aB2104cbF276abF7AD30D197c4581F3E89d,,,,,
TonieCee,0x6Be06cFaf22E27F73f0a8181C4edA0fbA5888a24,,,,,
Gherkin2018,0x8336c8b4C925Cd2Bbd364C1aC9510868B4D3e6C1,,,,,
Frequent_Fly_4484,0x37d1A281da56E86AEfD649f4D7dfFe4c7D647F6b,,,,,
Pepticmonkey45,0x550ef7995e8b484f63eaab3c5ee17b2a6874d82f,#SUPERFAMILY,,micheal,iamunknown77,https://pbs.twimg.com/profile_images/1471776966575595520/7B-I7jEf_normal.jpg
Husnain_786,0x9deC82aFB3f6F2f47ac4e8Aca05E07BcE488D1F0,,,,,
Technoal1,0x73dc0F49918eACc94a3416792F5572cf79c53E82,Web Video Producer |√Ü| Tech Enthusiast|,,T3CH AL,officialtechal,https://pbs.twimg.com/profile_images/1250379379965902850/-RuiM52__normal.jpg
VitalisVitalis,0x2c0F6D2052b401De8BB1269Fc1b86653B976CC6b,"Metaverse Videographer and Flaneur. 
ETH: 0x2c0F6D2052b401De8BB1269Fc1b86653B976CC6b",Metaverse,Vitalis,Vitalis137,https://pbs.twimg.com/profile_images/1471649482727206912/e13-lOXy_normal.jpg
Aqua-lori,0x794342E819732F869e5Ee7210859068b479957Dd,,,,,
qaseymon,0xe99113b77fD704b2E52B8f81Df54ab99c91311A4,,,,,
Tranquil84,0x598856FCCc7d15ef7Af98AfFDA97956C0b5f11C2,discord: TranquiL#3304,,Religius‚ö´‚ö™,Religius10,https://pbs.twimg.com/profile_images/1470482200135188480/Kwl1bhhK_normal.jpg
corigrafix777,0xCf862cA7e05E93040CE31d46daCe220f0F98C3DA,,,,,
Odd-Appearance-9490,0xa1A46238B2d9Dd078f2e622cF20B130bC76606CE,My Happiness Is Lei ¬©¬∞¬ÆIüòç,Philippines,Dannn-IROC444,DannnIROC444,https://pbs.twimg.com/profile_images/1472944910240485386/HWauj_FZ_normal.jpg
themkvli,0x249229de6Bfd3922A4866892188E3656B20Fd4bf,,,forgokondenzator,forgokondenzat1,https://abs.twimg.com/sticky/default_profile_images/default_profile_normal.png
Yuri-D,0x46F02577aA06b0109282896D327736C1bE0E0606,,,yuri danielovitch,yuriDanielov,https://pbs.twimg.com/profile_images/1461357535500242944/sZjWbeyx_normal.jpg
phosphorylated,0xf3dbfe97e0cb05de5fa5be65b5203b8dab1338fc,,,,,
nevermindbo,0xac9debde57d60d9cb001ac21451bc781ab8060d4,,,,,
kclemzy,0x810A06443CE1AD86d2F248Af2d2367621E72DB78,,,,,
ModishMonster,0xc1d48c4aC99f246ef48ab8Be053fbD7D59a9a8e1,,,,,
AggravatingFail4916,0x69745cFF0FA6d6b64cb542d2922141E8579ac727,Live your life you wish to remember in the far future,Lithuania,Airidas,MultiAiris,https://pbs.twimg.com/profile_images/1467902402540019727/EZ7BeJ3L_normal.jpg
Zestyclose-Number-94,0x9AC9167fE67c88eba60Cd94Cc030121DBeA3A81d,I am Junaid beckles. I am 31 years old and I am a model based in South Africa. My favourite sport is soccer. My hobbies are collecting Nft‚Äôs and Trading gold,cape town,#shiba,junaidbeckles,https://pbs.twimg.com/profile_images/1471262796902023168/dge_BlIM_normal.jpg
Secret_Sample6274,0xdd9A28ef2F55055cEB6f1158A383d1b3Ac73c12F,,,,,
Dame-Y8,0xD77489782859671171843c48a4AE25188c932Fe7,Ce n‚Äôest pas juste l‚Äôhistoire d‚Äôun enfant‚Ä¶,,LunacyClub,LunacyClub,https://pbs.twimg.com/profile_images/1469797296007270407/7rMW6QIy_normal.jpg
Significant_Ground_5,0x3e1c70D994CDBe66EB1391129621115eAc56475f,NFT Collector,,hasan007,hasan0094792831,https://pbs.twimg.com/profile_images/1468438201777938432/7LqYhcpJ_normal.jpg
Klutzy_Ad8798,0xccef553e465e66f0d5a0700f7beb2a54ad9594cb,,,,,
Emotional_Kale9651,0x701E05862069ad533f12f6f5c5371a008ba2f81b,"I go by King Martin, im 13 yrs old and i live in Soutch Carolina.I made this account in hope of winning a xbox giveaway one day.....",,Rakeem Martin,MartinRakeem,https://pbs.twimg.com/profile_images/1149386087703502848/T_14fqiY_normal.png
User12lt,0xec640B99162bB71E1408dD55e53473831c3a1085,,,,,
Apexblackout7,0xa6335d65fa843357a1dbf241517579de1a29c66f,,,,,
Jfg5095,0x1773a1b101163b67bd5baf6c7715352a9264a1d3,,,,,
nsaada,0x84f2cd36a27ad84a8cccd0c7c24266c781f3a3f9,hi,,Nadir,Nadir031080,https://abs.twimg.com/sticky/default_profile_images/default_profile_normal.png
Mohaa834,0x68788fe3759bcc3e3f65b4af0088f37b80c5a5d9,,,,,
Pan562,0x0d419f983155ebc11377aafadd0bce232f11d05b,,,,,
Klio-Collector,0x0d46aa9f93b5920d41b02d99eb6888aeee9e1f46,,,,,
No_Cardiologist_3733,0x9a04f8a1be07ECbAbc71f2F2616d3229554b4D90,,,,,
Yuki1018,0xBc81c946942B89d95DeB40013de7bA37B46ABe26,,,,,
atrilluh,0xd2C42a5df73d29c4db21F33645b1d408dae6291a,,,,,
CorgiSecret4738,0x8e2184f839a0cdd64ea90677f1ccd7bff66cf57a,,,,,
Wonderful-Tax5541,0x1bfF8a6A3AB7C92d14f34b409afB308f8Dd17379,Cool guy,,Soltem,Soltem8,https://pbs.twimg.com/profile_images/1468715097665196043/eGGk6g2z_normal.jpg
Ok-Register3798,0xA1A973a38CCc99058fe95Da398Ac3EfaD8ACb203,,,,,
tritoc000007,0x35130Dd8AeE39B0940dFc564BB46F36B73664DD4,#btc #xrp #crypto #Bull #NFTs The Crazy Pixie Trixies & The Crypto Balloonz üéà‚ù§Ô∏èüî•üöÄüé≠,,Chero,cherobeam141,https://pbs.twimg.com/profile_images/1468117458322141190/KmV3EL0y_normal.jpg
pdan250,0x0A433Bc5f2AD2c228c253998239C029AcE084aA8,,,,,
mulloevz,0xe6bfed15b787994e1ccf9d14a99aeb47ad61d877,,,,,
CardiologyDNP,0xd3f2a43e9d97e5b3e15de47bc73d78a0cbdd229d,,,,,
Macryptan,0x582cEdca23eA4343929daA296954D3FCb347BdA9,,,,,
BananaCare90,0xa20f1a6d9e0a4b86F4496640405726648e1140BC,,,,,
Bright_Swordfish_815,0x2f410728bfddc4e8015fc58186db8ff81d409bfa,,,,,
Seboux-12245,0x33c8a2bb7767c89c6bc11fe978540f687ec67f12,,,,,
Fine_Exercise79,0xe7D6e22A95ECC6555bF90fC37114341268A0E7Ae,,,,,
Potential_Can_6282,0x129Ca669ad76bFA1273E3949fdA21024eb0EE880,,,,,
Ok_Specialist6742,0xACEEFd8632c27d5D6b4337AB5b825933c26Bbc87,,,,,
SnooDoggos6295,0x80DdD33692A7561d7480a9a3f1a6F280396242B5,,,,,
satyaluc123,0x1b352366176366cb4fbc62f5a7db2bf28faf13db,,,,,
Spencershaun78,0xf5f0fc8c5b3d888ca7847975c992549b21b5717a,,,,,
Awkward-Meeting1523,0xf553cD1d0CF0d4Ee3541E9EBB371b01904Aa0791,The Hangry Hippo Dinner Party is a community driven NFT project with portions of profits going to end world hunger and help protect endangered species.,Website live on 12/18,The Hangry Hippo Dinner Party,TheHangryHippos,https://pbs.twimg.com/profile_images/1467266375659913225/0JuQSGOs_normal.jpg
HummyNFT,0xB9f6Aca1091f7725343e86f131280B2a4A9B7eF7,,,,,
D4C_C4D,0xde7d6946a3a4421779AFD3c4A6d8EA47a4f0531d,,,,,
nmitrasevic,0xb5e0F98a9cD20f527B67cCB314c25d996903cDc3,Nemanja Mitrasevic is an orchestra conductor from Serbia. He composes and plays music for self-expression. An Orchestra Conducting graduate of the University of,,Neca,nmitrasevic,https://pbs.twimg.com/profile_images/1453702735984013312/6xeeJPbz_normal.jpg
Difficult-Group-572,0x10D5c1dA3948234efB53cE1Dcb9A378d00e03881,,,,,
mishazvyagin,0xcf917C498fe4f1B7df12B6734E0C9F1049eA83c2,,,,,
SpuntMiffle,0x51E35Df2Fee5a4c72972703f664434647a054F37,,,,,
britt3bee,0x3cD2378DB7E7bf20BEe946B2584bB982D3b4F4BD,"Though she be but little, She‚Äôs fierce . A little wild big dreams.",,Brittany,Britt3bee,https://pbs.twimg.com/profile_images/1412685172533760002/lvn1LHRc_normal.jpg
Redmdrlarjan,0xEaEC7846Cbb544017c711ADfb93C1D58c4BE7284,,,,,
No_Contribution_6064,0xD1B7446eDA7B8770d7DC1a337Dc0b54A35412346,,,,,
soxpoxsox,0xd859af76B846414D10D98b1719f175ed7a5a9868,,,,,
Interesting-Double-4,0xaf8dd3bebc61b8e1320d41729363576ccaa0e260,,,,,
fishbone74,0xEFdDDaf03C507f785Ec20C3a646282C4f7Fcd253,,,,,
nevillion,0x9e71FAd38D55013Ffd89F793066f648E2E495b76,,,,,
hugooguh1,0x3ab28326955920553097acA653e04e77dc4ED06B,,,,,
chetchai70,0x7cabff18368f82653062557b355882ac3999a257,,,,,
iCE_Teetee,0x19c0dab4de375f72940b0b1cceff400cc5860576,I just YEET random things // Someone called me an artist on Reddit that officially makes me a #NFTartist I guess // Check this out! üëâ https://t.co/FnTjignkt0,"Szolnok, Hungary",!CE-T,_iCE_T,https://pbs.twimg.com/profile_images/1147493850052734976/DuEXsp-R_normal.jpg
valarmozutis,0x63c360a2f6b9dff07607f60746642d632a7ba2d1,,,,,
Substantial-Sir-1763,0x9196338290d44D22c67af487b8F25c65c42De976,,,,,
GrommyGrom,0xdf463f83d8e12db870cfe0f4d6531edfdd8742a0,,,,,
FretNoy,0x2f8Af119445440268eD5d424Ed299A10DD63180c,,,,,
ComeBackTimee,0x5f8262dc8F015eB03aC352354F5A8Ce2A76E02ff,ND born and raised. Here to listen and learn!,"Mandan, ND",Brandon Bender,_ComeBackTime,https://pbs.twimg.com/profile_images/1443720965909790720/poclkKsX_normal.jpg
42rw3,0x5B5EEef1Ee814d4b6740bC53AA714555f1deA7cF,"Twitter home of  the 1 NFT x Day project 
The random works - https://t.co/LHaWAUxgqc",All over the World,1NFTxDay,1nftxday,https://pbs.twimg.com/profile_images/1467913563020922881/_3eBGrPF_normal.jpg
zvcho,0x8c05217719ffb6617e323823ffa91ab623ed0d97,,,,,
Darthflute,0x4aa1659f8784d1c182d3893cc768e50317271eae,,,,,
OkWork7212,0x9649fee11358e72c20f9a8052438cae56af54b29,,,,,
Drnelk,0x85C0caD37DCFA3A2d1DD15e5031254A2c877a5E2,,,,,
DonnyDarko414,0xd5A7Cb699A0777e13EBb6D665cc09fB7a1fE5e31,,,,,
Feeling_Chef6196,0x4Af545f4b21D244afDbBCF7D7960f71CfDd6F5DA,,,,,
HumbleHorse3227,0x029049815d203acc8275bee4a087276a892962f2,,,,,
jVagabond,0x2b12053922b4ae0ae86f6dfe5b6c8cda9bb722da,,,,,
K4_patator,0x28b9f47831abd8d6ba9db901221d8da555fe5546,,,,,
Lillita_fan,0x49C0B3665DB2c9AD23e84CD3cF1AC0f8994Aa187,It‚Äôs aways summer somewhere ‚òÄÔ∏è üå¥,,Lillita-n.nft,LillitaMs,https://pbs.twimg.com/profile_images/1460166749853483008/mf8pRRYS_normal.jpg
HannibalBarca_11,0xad21B9b0DC74adB571937277b1b0D5CdbA7c470A,The greatest general of them all,,HannibalBarca19,Barca19H,https://abs.twimg.com/sticky/default_profile_images/default_profile_normal.png
Czechnum1,0xfa2A243dfE679A5D187b82A39F38D4371452e271,,,,,
toothlessguy,0xB3b1a622D59e5aa4651007743373427885D8A69F,,,,,
Tito092222,0x466ea02474b598D0B84e40aE5B25c6B7E5D78D79,,,,,
_pussy_destroyer_420,0x0f66a8374cfd1b9879c1f024a57fffb19ab1a86a,,,,,
rowlandwill7,0x5d21ab0408f0642d9123f3e698dcafb43738b2d7,,,,,
KbltGamers,0x8e7ce911e1f95411ed31ab3da80d2c9ce98c615c,"I ran away, I don‚Äôt think i‚Äôm coming back home","Utrecht, Niederlande",KyanoHS,HsKyano,https://pbs.twimg.com/profile_images/1358511260665597952/YHelAeTg_normal.jpg
amine_mtpz,0x976d83fb4496146206c060ced0814fcdb489576d,,,,,
DieBieneStaeubt,0x97eD06DCA0b5C41Bf20a6B458D7aee3701A8B1c9,,,?,GetSchwifty0311,https://pbs.twimg.com/profile_images/1167200876076904448/zDv_eq9n_normal.jpg
Tob213,0x1579421745fe0bbc6069b5549dfba2f8c295b8be,,,,,
DrMarra,0xce30aeAA37DFac3aF6340aE919Da4764516672F1,,,,,
Expensive-Stranger42,0x97727041f1539c3700E245C08A709244bBc3554a,,,,,
Lazy-Ad2105,0x66D1002BFED24101031b17BDAC32CaC4c8234Fc8,Apprenti Scientist au but de d√©nicher la futur richesse des crypto,,L'apprenti Scientist,ScientistEl,https://pbs.twimg.com/profile_images/1456151390242418689/erJ9U8Gy_normal.jpg
Kehinog,0xf4367390cbc40c272f667055133099e95a9317bf,,,,,
Fragrant_Driver_5134,0x56D7FCA5d034001e2E2b5F9d204Ffc8Bca3Ef016,,,,,
Soggy_Night7264,0xe81c85fA7944eD638cbA7ACc510187b8119D5EE6,,,,,
AyanSamanta,0x87fc7C30EB797917fAe4d0D96e8af954585A65E7,,,,,
sneaxerone,0xB0eEC3efFdD32DB408E280A648A9281a6234Fff8,,,,,
Tasso6000,0xCD5282D7A782402c808B375fC5bEa408D88A0231,,,,,
javi444,0x0b7e49d16393DD0CA9f72374B0588b12CCcAD212,,,,,
Sad-Butterscotch2237,0xd9cf03221cfd53c6ee093f9ca195ed3888064d9e,,,,,
KappaAppka,0x1dea3ebd027577d4d4f6d16a17134bf5b02e0e21,,,,,
Niko75_1,0x16b3ef68d365882c9d3696dd427b7f42a169cc51,,,,,
Curlz13,0xaDBC27174B1Ee437D309636454e8D0Bf11a9314a,,,William,William15947343,https://pbs.twimg.com/profile_images/1400173874671652866/0mP0LwJY_normal.jpg
Aileen6789,0x2bea39947FB59dC420873f6258D8bc01d8b38EF8,,,Lynn_Lyxx,LynnLyxx,https://pbs.twimg.com/profile_images/1462976128843354114/qPqEFHn8_normal.jpg
gthrr,0x39C64c40dFF80ECD88Ef6f2Fb9754D8Aab89F86a,,,,,
rhinoBoom,0xE21d3C3Ce7d603662093b4578a7179F60fFA8e04,,,,,
Big_Phenom007,0x9Ca3f69F06C5892a1d0C9AF2e0735E186C6f0B90,,,Dionne Manuel,Fhenomenal007,https://pbs.twimg.com/profile_images/1465789082592849920/AP3AoqF-_normal.jpg
BushidoBrown305,0x352B5e8990A05B9aA6EE1d4FDcBF16be66f2a4B7,,,,,
IdealInternational79,0xdeE6D86fa279BCeDF17395413Ff126D210195eE4,,,,,
Alvorad,0xe8b4d6be0b04675c6a3ef6990cf858fec9f8a668,,,Aschalottl,Aschalottl,https://pbs.twimg.com/profile_images/1465290529000894474/SpDEmmTS_normal.jpg
Wonderful_Island_596,0x3786f2582e544A49cA82f20F08Dd9E87Aa498fd0,,,,,
GorillaSoul,0x4d4Be5005Bf0E1f926e355FD9543b5d7aE564f8F,,,,,
Anubis3434,0xb97cff23ea7a32788daff8731eef65482a9b7565,,,,,
VindictaOG,0xAd94a4b628E7Bc7205534Fe32cA1a3e0f009A52B,,,,,
Bankai_Senbonzakura,0xF08B1DB0dbc2b8846BF2956ED0e6d448c6c90E5F,"Random crypto enthusiast.
I don't know why I participate in crypto and nft giveaways, almost never win",,Carlos S,CarlosS20719737,https://pbs.twimg.com/profile_images/1461820195882815495/hauIP5Zl_normal.jpg
theKnunk,0x3ba28f0249D7380662eD8563DD85cf1985d804d8,,,,,
Street-Meat5702,0x33526fed8fce0e94581b614224b7728dbb08e22c,,,Test Test,TestTes32895437,https://pbs.twimg.com/profile_images/1457764242824876032/OF8iA_xf_normal.png
ZookeepergameBig3058,0x4cDb46efc656d4fa59c6fe0Cd4451731Ff029689,,"Columbus, OH",Musa kaba,Mustohito,https://pbs.twimg.com/profile_images/954745274194448384/F91x7c6x_normal.jpg
vocaloliyan,0xd29ca21e8cf6799579aef106a94c9a493a42a471,,,,,
Ep1cist,0x3890446C3fbCc58c9bADEE28312db7f8E46ba154,,,,,
YunoXX,0xb7fa4b55ce8f7a5e1051ae4f48e401fd2adf4f0c,I‚Äôm a 22y/o  tattoo artist from Greece. I mostly draw anime stuff but my personal style is cyberpunk/post-apocalyptic characters. Hope you enjoy! | NFT Artist |,,Yuno,Yuno_art66,https://pbs.twimg.com/profile_images/1400484479089659910/Vb8sHSJt_normal.jpg
7singhs,0xa01434a829a53b2eeec3665d8f56d45796f2ec33,,,,,
Michel_86,0xce4cd30ebdf84a7f2becb4910ccff159e8d3b014,,"Berlin, Deutschland",Michel,Michel30468254,https://pbs.twimg.com/profile_images/1271381177291673600/ASbD8Zmp_normal.jpg
Aj_600,0x67184b4a0cbc7b3b07b6e6243cbd2232e6bc12f2,Sports NFL NBA Soccer NASCAR WWE Music Entertainment Actors & Actresses Movies Digital Creators Humor TV Shows Food & Drink Fitness & Wellness Tech News,"Hallandale Beach, FL",Adam,adamnatour0616,https://pbs.twimg.com/profile_images/1463795479288979456/45_MsSXE_normal.jpg
Hugocrypt,0xEa20b12882e2C0978569566FfF6e3e8553313856,,,,,
One-Assistance-5593,0xeb3832Da342EeF790066df19C87cA7E440E0edA7,,,,,
DropRollSports,0xae99592a43c4144a544e5b17e938b11a37c405dd,,,,,
Wissroy,0x5B8ef992ec4579a97D79AAd5cC46D0185b96aEce,,,,,
officialmrenigma,0xe434b07c946B22213FB051B320d3daE33b790F2b,We live in a society.,,Mr.Enigma,OfficialEnigma4,https://pbs.twimg.com/profile_images/1460023444347752450/RDpAtSWW_normal.jpg
PreMedDocHoliday,0x945c3203e280d216cb18d377efbaf792ef0565e6,,,,,
el-superbeastmode,0x443026187801863931661E9d2D31C48768Fb3B49,,,,,
Decent-Personality37,0x3010054783271984a84969CC71d5Fdb36261A82E,My mind,,rachid aqdim,rachid_aqdim,https://pbs.twimg.com/profile_images/1459511801767501830/-JmdFVAo_normal.jpg
Dense-Sheepherder727,0x489cf20e0ee221fd76670eaa32edd1c8529385bd,"Just an NFT collector!

0x489Cf20E0ee221fd76670Eaa32EDd1C8529385bD

Made in Greece.",,Kos Iliman,kos_iliman,https://pbs.twimg.com/profile_images/1460974854480486405/mXHeYBg-_normal.jpg
Altruistic_Field_785,0xD9C7E73B9A0CCdC1CdE6a07De4332D547795DA12,,,,,
EGIZIO90,0x0C2AB60987A7Bb6119E7995D51f32c6c6CaffCbE,,,,,
Comprehensive-Sky715,0x391062aed95dc1c3606453585fac1972759e24b2,love to üèÇ and ‚õ∑ #Heavenly see U there !‚ùÑÔ∏è‚òÉÔ∏è,"Nevada, USA",TahoePunk,lsvchris,https://pbs.twimg.com/profile_images/1471494799559589892/woloSl_9_normal.jpg
Jay_kuzzy,0xdcb653b199de000881c592905a79cff85c4d9373,,,,,
Biplov_Khatri,0x2f4f5c2d374702a06ebcc7d90639ca4172d03e90,,,,,
Olsivvi,0x6d022648ff598284d1df01a7ed322768a62b98bc,,,,,
SocksForShoes,0xD2771C24A1Cd45f24d118E2bDc9C81B4eD2A8210,,,,,
znflux,0x3aa32097b1270cca35af06123dba54c59483e365,,,,,
cory37zz,0xA2ABA92dde24D0d82cA858B603288f02d15b7E07,,,Cory,Cory89610986,https://abs.twimg.com/sticky/default_profile_images/default_profile_normal.png
Longjumping-Spite990,0x7F79a2De9632A50D19164Be4eF5c6ab4d8699C8f,,,,,
Cryptosealman,0x2c114873618a1afb8e4c91f161fa8ff130cf6395,,,,,
Escortnik,0xCA96B1eA856927BEc2810B2e9Ec32E4A8D38a5b7,PENGINUüß®,,Edvard,pon4ik_kon4ik,https://pbs.twimg.com/profile_images/1372953324446748675/Y_oLum2f_normal.jpg
Goodnewsguc2003,0x57bf90A7988ACbdd5B9C43bCD75d517C4714440a,,,,,
krushje,0x02F33D6FBEE92C098C72B1b9cF98dA9dCA3daA0D,Qui dormit non peccat,Istanbul,ƒ∞sim bo≈ü bƒ±rakƒ±lamaz,vitabrevis85,https://pbs.twimg.com/profile_images/1103933748/istanbulum_normal.jpg
Melissa8938,0x1452620f2C45502dC07065C55044823EA4045C89,,,,,
NorthDno,0x8C3C7cBBB34e903dB6e72c61F2b50C2E3c01A4B7,,,,,
ZookeepergameOne3345,0xa3ec50a7acc99116ea17d8f1b4b51a1c54fb4761,,,,,
Prav06,0x95C63E50d370368B0A12532aDba5b15767e90274,"biker..!!
enthusiast..!!
adventure freak..!!","Bengalore, Indien",PRAVEEN SRINIVAS,prav0691,https://pbs.twimg.com/profile_images/641859791946694656/oqIMkqcf_normal.jpg
yamiohyami,0xD2A06356A2eD629017690A7eC5Df8e297105058F,,,,,
AgitatedCoat2509,0x743d7B0ad468edDCcf2D86325936181D1370F7d0,,"Brisbane, Queensland",CJ,strayabisaya,https://pbs.twimg.com/profile_images/1445507534081515528/EYjUWSs0_normal.jpg
ConfusionArt,0x817445a7f4a6f0bf6f7a802561085aff768fe834,,,,,
WeWent2DaMoonIn1969,0x21153cA3D08AcE25E5F621b2D4Fb8e7AC27a8c85,,,,,
lidia_uhjjh,0x99aF38f5B309237E4E1295d0C05389fD62068412,,,,,
Itchy-Ad-579,0xe238450c3d483b579c190612323e5c04eb1f4e34,DM me if you want to do giveaways for your NFT'S,Vereinigte Staaten,NFT NOOB / NFT GIVEAWAY PROMOTER,NFTNoob9,https://pbs.twimg.com/profile_images/1451221797987405824/r_drQzue_normal.jpg
Adaeze989,0x4Ea20217CBCC94Dc3aD3bac971aD863267Dc1FEC,,,,,
LogicLenny,0xdef969f07cca05042289525486f953d8fabdff5c,,,,,
ClassroomObjective13,0xedF703593c0e956D88B6423AD4C3C3Ebc4FC212D,,,Adunn06,Adunn061,https://pbs.twimg.com/profile_images/1466761161219747847/uKzTEUuU_normal.jpg
NoTurnover876,0xec67d53a80e6e4de111d96e419ada8504a71ce8f,Insta: @ambesjr                https://t.co/1QvZXUwMGQ,"Ludwigshafen am Rhein, Deutschland",Ambes JR,AmbesJR,https://pbs.twimg.com/profile_images/1471746245257531395/OMgSZ2Ka_normal.jpg
louis_mnrd,0xEE22C7Fe49b5534999AFb390BF4E9fD3901b0060,,,,,
Lord-Neppchoon,0xdE5693F4E7F6190f0336C3196C662797B1636564,,,,,
Actual_Risk6848,0xF14F95d87347bf6907581B0b753B53Ac466519aD,Sarah üå∏üå∏,,Sarah ‚úøÔ£ø,Sarah92_AZ,https://pbs.twimg.com/profile_images/1458782064296304641/oCH-KzKa_normal.jpg
jvpuccia,0x70c7668204a3303642800bCCf926C54b12C14AB8,,,,,
No_Weakness2427,0x74F2f315D6d9E5d5fD8C4abCD746aA3D62ffAc4f,,,,,
GoldenApple93,0x68c54e5302265dc6a2e14bfa20beff858b5e6fa7,,,,,
ArthurDym,0xd78F553a9E092De0cA34E52c8c24B4d83924A934,,,Arthur Dy,ArthurDy4,https://abs.twimg.com/sticky/default_profile_images/default_profile_normal.png
GreenskinGiga,0xe408c3bdb56a3d3d8955b93a1d1c667d9d50bd9b,,,,,
Intelligent-Image843,0x201f7cacf7e317e9df9c07ae535a27518e7bd024,,,Dmytro Golovko,DmytroGolovko,https://abs.twimg.com/sticky/default_profile_images/default_profile_normal.png
Artenrouf,0xE2C8AC82Aa7b581e0CeeD17F799ED748B425a833,,,,,
legacy6977,0x8cac253e03845d8750f6247495791312ccd60c30,,,,,
Enigma_57,0xec281c0fa3f10b744ad96299fd64791484c8b5ed,"I like your NFTs, can u give me it?ü§≠ü•µ 
I'm a girlüòä",,Vitalina Conovciuc,Key_Q_,https://pbs.twimg.com/profile_images/1473050931889639425/gNevWRU3_normal.jpg
DKPowerLift,0x7F2EC0DCDfA06ad0592B572703Ae7B3F803e8a6f,,,,,
onlykyps,0x4f20841eCd4Ef4D4Fd845410D7471f2aE4a44bB4,,,,,
BC-Gaming,0x2fc8c28c044028be0b44442a8f99aae16eb4eed5,,,,,
NoxShadeX,0x2014de5afedd108ec128a88f3b0ad510f62d51d2,,,M4L,M4Lyfe1,https://abs.twimg.com/sticky/default_profile_images/default_profile_normal.png
Lolamentopr,0xB819D7eb90F6824DCE8216059Bc72680f98Cbb28,,,,,
Steazy_Summer,0x6E8faD25314401cA262Af43a3fd9015231daF835,,,,,
ChristalinBR,0x834576959D5Ac899e2112e5E7A9A3d3E763272D3,,,,,
StanNFT,0x5281a6a26fcd6387d3f15526413c3fc900f2cd53,,,,,
CreepyDescription456,0xd79e604040296b56ff1c5cf8004d8534e93bf4d0,,,,,
Top_Mud6180,0x44Dc84c54a90E79dFED7314b47c50c121e0437b4,,,,,
Poukbuntu,0xacb57Ddb20761E3ffd1BA318d36c4E2975D284FB,,,,,
Marche48,0xed3D9b7821903a0c1c6b9e216f504F9011725B35,,,,,
bongwatersuntea,0x2cd25b8ae868b3c75cb1a28270fdddfcfa9ac5ae,,,,,
Lamster06,0x52818736368138435687A0377c56336121167183,,,,,
aldvora,0x491D78Bf0F61B23E7be3D0195C5e41eBbf9C6845,,,,,
lobodcg,0xd3CE1e7d1aA8A6Bd3e7fC6b75d4cA82099DcEEa6,,,,,
t_vinayak,0x458d0de533583b29d7d239d1761a99ff0f1daccc,"Enthusiastic for NFT| Cryptocurrencies| Ethereum|Smart contracts

https://t.co/6zViDASMDd",,t_vinayak,imaradiohead_v,https://pbs.twimg.com/profile_images/1460805049710379013/HFzCCad5_normal.jpg
PositionFearless2530,0x514ac908543046f48e8c860fd5665b3c562330ec,#NFT,Mars,elegant girl,E_________G,https://pbs.twimg.com/profile_images/1466595565005950981/LVRk2RcH_normal.jpg
TorkinGaming,0x9f1b359ff889e740a80a56946271796a4e2fe547,,,,,
Inevitable_Lawyer308,0xd6ffC3013b0a1434588f6f378929005fed1C2BCe,"deaddinoworld:
https://t.co/6zAc6rmxb6

Glizzy Gang: https://t.co/rSEbUZA2Bv
little alien club:
https://t.co/5mMuszv0wS",,nftrippy_GlizzyG,jans_zech,https://pbs.twimg.com/profile_images/1468669095608524803/tL4pRZ8x_normal.jpg
Etinjoe,0x7B649d5fabe3AD3feb1A43d4Bc7098ea1aa1eDcE,,,,,
Beautiful-Value-5971,0x8e4be95255cc6e46b3433268fcec49c5480469dd,Nft Life,,Michael white,NftKingxxx,https://pbs.twimg.com/profile_images/1471154631736643590/GkW04x5Q_normal.jpg
Talijan1c,0x3053Dd42e2795773A884eE50e33016A448257198,,,,,
AdRare573,0x9d6a10916545b10041c32f78484a16a6afd46d87,,,,,
Katerrman,0x23a88021666BdC5D63863552f736574101ffA431,,,,,
Federal-Assistance69,0x2b62f0d186b1d24277f0dbe850229ec6c474dfab,,,,,
Logical-Bus-7538,0xC6b218A073D058040600110EB4C5c406866C29Cb,,,,,
No-Needleworker-819,0xb185645a712DC4050900bA0eCbB60558f09879A6,,,,,
funymuney86,0x81d7A29453BFd59864aD7169Cd573DB9888BeDe2,,,,,
Qais17,0xFE538941511816fFF651BD8DDe0de33aAa7df1Ce,,,,,
Patient-Humor-7842,0xBe63bedB47916FBC9F36DB284ea78b34d578761E,,,,,
pmfiebig,0x7EE7545F40A137f2e18BcF9f4978Aac84CE23b10,,,,,
FoxshoxNFT,0xc7725760F0C5Fc449514b179aF12482d404752DD,,,,,
Specialist_Ad_8575,0x315BF94FfD8F0f72491bb9101af06B7C6D55bfB2,,,,,
RechVsTheWrld,0xa534c85e36828754e23fb5a2fff4392294b583dd,,,,,
Shaqfoozi,0x2f2ab072127d27f7bb27bf0532dc0a51df98dd3e,,,Shaqfooo,shaqfooo,https://abs.twimg.com/sticky/default_profile_images/default_profile_normal.png
ProfessorLogical347,0xe2230D9ff42F70a8C8D6Aa4415280Bd28f06e643,Send @tipzcoin (TIPZ) to,Nigeria,Lordchirod,Lordchirod1,https://pbs.twimg.com/profile_images/1412469081043783686/1kQmmuCF_normal.jpg
Environmental_Let398,0xa4efb8012b29cf2cdb4b6146ec2c5974a741d09b,2096 Art Collector from the future üîÆ coming back to add to my wallet address üòâüòò0xa4efb8012b29cf2cdb4b6146ec2c5974a741d09b,"California, USA",MA_CK,mucas0,https://pbs.twimg.com/profile_images/1465899218376151042/fKVRYQe__normal.jpg
Impressive-Kick-1502,0xb5fdcbca80c624993c6b131a192bf150b3720612,,,,,
Fancy_Commercial4375,0x56f22d0ef906b33ec3aa96fd9110f7a1fe426ad7,,,,,
Shazmo81,0xB3aE46D9e82712851337B19f90F4F17b8dd4e777,,,,,
Alkoo_,0xB79dA6D8C6E75476444f5Fdf46e56781C256d9f8,,,,,
PapaRedneck65,0x4887a928baeea2370acaf114a0104de67d07a32b,,,,,
opopyc,0x5c7f867448f3041fe5024932436d9a15279bd0e8,,,,,
samsimon123,0xa07e841cdeeef8e281905c56d15e3ccf6365b091,,,,,
Apprehensive_Cable66,0x743ef49d4de058775302ee061dc8f727737d4cc2,,,Martin Ondrej,MartinOndrej,https://pbs.twimg.com/profile_images/1470477156056772613/Ehh1QE2w_normal.jpg
Molliver33,0x810ef787a2e0D22b319baC7E95717baB0B323A8D,,,,,
-Ely101,0x026B73a8Fc26B4249B252f9F1adB9526d04847B1,Yahweh on my mind always,,EL SEN,ELSEN68864597,https://pbs.twimg.com/profile_images/1378268504361684994/vCvGP0XW_normal.jpg
queesocular,0xE49d2b296643aa505D68FBe6CC7077B18862C7a6,,,,,
jovieyreal,0xf0eE2B88A0C173b4C4Ce6f3e7308ff45bf596dc0,,,,,
_cali_boy_,0x8954603638734713E989d26F22DFD2b94167ebE7,,,,,
Alivealiveee,0xcfc030d23fa69768da7204af3d58ff60591ee33d,,,,,
Intelligent-Image843,0x201f7cacf7e317e9df9c07ae535a27518e7bd024,,,Dmytro Golovko,DmytroGolovko,https://abs.twimg.com/sticky/default_profile_images/default_profile_normal.png
Technoal1,0x73dc0F49918eACc94a3416792F5572cf79c53E82,Web Video Producer |√Ü| Tech Enthusiast|,,T3CH AL,officialtechal,https://pbs.twimg.com/profile_images/1250379379965902850/-RuiM52__normal.jpg
Matt0791,0xe7f7ead9c7e50f7921e1a583654a3328429eff35,,,,,
ebukah,0x04F3bc6A702ee172159B6Cc834E491a9885783de,vlogger. friendly. playful above all I love mingling with people,,Ebukah_,Ebukah3,https://pbs.twimg.com/profile_images/1465652271610482699/j-EI9Dsd_normal.jpg
Chizzy_mandy,0xCe277A391368246887C91961F2C03c4743642243,,,Irobi Chizzy,IrobiChizzy,https://pbs.twimg.com/profile_images/1375054082004635648/XZOCkFOm_normal.jpg
Original-OM5360,0xE86bd2253BA86e614eBDb96A1CD3e9f5779dec44,,,,,
Goodnewsguc2003,0x57bf90A7988ACbdd5B9C43bCD75d517C4714440a,,,,,
Crixus_Da_Gaul,0x4abf1c036079cb5e3f562f44ca36adbaa483332d,,,Christopher,UCSCTweetBot,https://pbs.twimg.com/profile_images/1463402313054584833/0qgPHNtC_normal.jpg
MorningElectronic203,0x614f1577272f5f2b9b47ee42cbd1391534d6ce15,üöÄüî•,,foudzyFazz,foudzyfazz,https://pbs.twimg.com/profile_images/1457195014375759872/dSZPdSAr_normal.jpg
THY-MYTH,0x0d2e761d2a4c2222c5ef46fe57c758e407d4a95f,,,,,
N4MT4B2,0x801dd4efe2ea2686f21c9110a8261b39d1382f71,,,,,
Jidoxir,0x83e95a21cc0bdb795d59f83a4be2fde849a97b7c,,,,,
No_Examination_3908,0x3f04ac6E94aB0e250689c9aDC9CBA9175bB48e64,,,,,
Kindly-Rise,0x6fdd961237a592f8f92610fd0fc1f6cf4f47830f,,,Sam Berni,SamBerni3,https://pbs.twimg.com/profile_images/1457837380325478405/pJ7CYglt_normal.jpg
ZKY95,0xc7ad35896a296ed95c6dd958884206abb0bc73ca,,,,,
NorthDno,0x8c3c7cbbb34e903db6e72c61f2b50c2e3c01a4b7,,,,,
Ashamed-Ad3226,0x2f17fd450926b608f97da5b6ffff024132dec659,,,,,
Dorkatron77011,0xEC5A0066E23bcB2d0a154A28cEbe9755DFB66dc6,,Texas,D0RKATR0N,Dorkatron525,https://pbs.twimg.com/profile_images/1444395821081010176/gQ-V0L6j_normal.jpg
sp4rse,0x7cc295a1e317629e9ea22dc80129d8dcc1f2c007,,,,,
Aj_600,0x67184b4a0cbc7b3b07b6e6243cbd2232e6bc12f2,Sports NFL NBA Soccer NASCAR WWE Music Entertainment Actors & Actresses Movies Digital Creators Humor TV Shows Food & Drink Fitness & Wellness Tech News,"Hallandale Beach, FL",Adam,adamnatour0616,https://pbs.twimg.com/profile_images/1463795479288979456/45_MsSXE_normal.jpg
tutututz,0x8D143A5D1f2F69643a08b7a6c07e7b710D1D74AF,,,,,
Illustrious-Pool-310,0xae99439C57bE527089579a24B1CdBCC1fe354569,,,,,
ShArKitoelbandito,0x48a29be3881db73885830603a773f05523d184ea,,,,,
Vast-Control-2263,0x39e1B5Ab889De0Cbdead436294a7B47c7D4C7527,,,,,
Puzzleheaded-Load790,0x4eB29F25463a17e1cD468dAa6Fb509954973E3ec,,,,,
Hot-Secretary7523,0xeb15cc6933668d8ad21e59dc8390874d447d716e,,,,,
Few-Warr,0x6c8154da53a0e9a853b802ca8dd79ec4f25f97de,,,,,
Curiosity420-,0xaaa580f2bae458368de4a74e0594858033a639e6,,,,,
Individual_Ad5002,0x25d8E5BF131B6a1D1956275a2D2AD7789fa0De24,Crypto üêïü¶çüêàüåïüíé,,Reimps,Reimpsikas,https://pbs.twimg.com/profile_images/1470463415001010177/kCrurXo5_normal.jpg
Jazzlike_Locksmith_5,0x485891C76e3850A9F63828193A6aBb8987A4B149,,,,,
Lethal_Imagination,0x5A02d339375b755Cd52823E199034e6921cBF33F,,,,,
sleudk,0x13227A0bD55fE895D4d17639CF9E168d1323fd52,,,Sai,Sai42267840,https://abs.twimg.com/sticky/default_profile_images/default_profile_normal.png
EduardGoci,0xb2efc4c33b5b6bc19a14deab87771bc48643a5a3,Just me hanging around.,,Eduard Barbu,EdiGoci10,https://pbs.twimg.com/profile_images/1470457073817243653/0dbGADLc_normal.jpg
Glittering-Shock2559,0x9Ebc138318CFf7BFb4e016bD61D707a76e7E5C45,,,,,
COH-NFT,0x9157304D83686b068FEDCF29C3052930d4e4c59b,"COHNFT Collection on Opensea, we are growing in Number of Holders Rapidly, Join us For Free Giveaways on Reddit Opensea channel.",,COHNFT,COHNFT1,https://pbs.twimg.com/profile_images/1456965496960598019/M4HNH1tZ_normal.jpg
ShrewMoon,0xE4844d2171d2c3A6BBc5979904e61f8b6a680f6a,"Problems is my hobby, being stronger every day, winning fights and praise from girls when they see me 'but look how strong you are, I send you a kiss'.",,Miklo Roshi,William91588435,https://pbs.twimg.com/profile_images/1470486429176410113/f8w96zjs_normal.jpg
IonFC,0x54ed04Fcf0eD03273826B269B9c676C94c83c952,,,,,
Freebs_99,0x8ea3af546f58aec3e2c8d32eba14629f5a805fcc,,,,,
redditLacrima,0x8263d6405183c1649f21f8b224e09e3133e9c9f8,,,,,
hamdogg19,0x91c1089cF7Bb081aDe873256AAef91dBa368f548,,,,,
CeleryOld2008,0x3615ff44fbf911aa7bd68f8e51c4c9e70dcaa989,slowly learning about crypto. as slow as I can be,"Meriden, CT",CRYPTO Cainethomas20,cainethomas20,https://pbs.twimg.com/profile_images/1416613473627353088/XargYZmp_normal.jpg
Forsaken-Vacation-42,0xFBb87d01ff043Bd02013e8caBE150e3093579936,,,,,
Fun-Climate2490,0x5F4385BeE83fb9bb0a59Eb8c71A1f24582a85664,,,,,
Ok-Advantage-Shishi,0x79F7f40F236184E01edF686a5c38b8166a4eF5B5,YOLO-REAL-DEAL-devilshRight-notNegative-notHatefull-spreadLoveNoWar-SARCAST-CYNICAL-humor-FreshVieuw-Truthfull-NFTNFTNFTNFTNFTNFTNFT-CRYPTOARTS-https://opensea.,Nederland,chicharlichi,chicharlichi,https://pbs.twimg.com/profile_images/1450661691545505793/hcKIAmIf_normal.jpg
PETAfile,0x262886f56EadEa4015E70Dd90d1Fe896eCF440dE,,,,,
Manoftheolo,0x07966cB49b6c5776A9Fee0390D460EC075B99b88,,,,,
Specialist_Fox_2740,0x88e01261A69fbAa35102918a479F6Ff3DB4f1438,,,,,
AmoebaWorried1768,0x982923d65d7D3c607B784aaA5664E774171B6d6a,,,,,
goshenutd,0x943BC31461493C784bB049CEff46bDfc95cEb8CD,You can find me at https://t.co/LTpSB9wk9m,USA,Donic Mikel,nedum1979,https://pbs.twimg.com/profile_images/378800000575800757/be5e38f9e78c9bec339fe2e69fadb550_normal.jpeg
62L16Pirate,0x13363382450BC050f506B828179055310d1E7531,,,,,
Mean_Fisherman5437,0x00f9bee55c9205cbbe65471c60fdcd3c88887dc5,Only God can judge me,,steven Krotiris,Stel_360,https://pbs.twimg.com/profile_images/1464457325549277188/vDJ0MjQ-_normal.jpg
Personal-Habit-8358,0x215cf63845f2d779e1da1c1283830c9139ffd3a8,,,,,
Ok_Faithlessness4259,0xda14a3156e3c0c0dd012be0e5d4c170797c666b7,,,,,
StoneyDinoNFT,0x6a7b505ed0df284da26caeb9c72f8234abb137a9,,,,,
samsimon123,0xa07e841cdeeef8e281905c56d15e3ccf6365b091,,,,,
Dangerous-Ad-468,0xcb8ed45fda5f573af196f3ef73bebd9bc5df3ae8,,,ppqqqmoon,ppqqqmoon,https://abs.twimg.com/sticky/default_profile_images/default_profile_normal.png
RemarkableSentence10,0xc16d34a8ed42fac70b0bc53fb74b79c35cc46744,,,,,
_hugo_j_,0x0d3Fec6f4DbA153d0FfB3C53aDE53E63ef9FCa95,Video game creator from Belgium,,hugojobe,hugojobe_,https://pbs.twimg.com/profile_images/1401557136216371203/QTXNw-A9_normal.jpg
xxxMozart,0x1032A43Eed1D1FED4de8751e4711175E743E59BA,,,,,
ShounsTv,0x9338C5d873278e986F65A3f96ADfd364eEa2fA97,"23  è·¥è “ì Ä·¥á…¥·¥Ñ ú ·¥ò ü·¥Ä è·¥á Ä #·¥°·¥Ä Ä·¥¢·¥è…¥·¥á, # Ä6s ·¥Ä…¥·¥Ö #s·¥á·¥Ä·¥è“ì·¥õ ú…™·¥á·¥†·¥ás ·¥è…¥ #x ô·¥èx | s·¥õ Ä·¥á·¥Ä·¥ç·¥á Ä ·¥Ä“ì“ì…™ ü…™·¥Ä·¥õ·¥á |",,Yanice,Shouns90,https://pbs.twimg.com/profile_images/1469454663460208644/LZoCXw8K_normal.jpg
ZookeepergameBig3058,0x4cDb46efc656d4fa59c6fe0Cd4451731Ff029689,,"Columbus, OH",Musa kaba,Mustohito,https://pbs.twimg.com/profile_images/954745274194448384/F91x7c6x_normal.jpg
yeettt200,0x7201c33f1884aaa61cfb27d772c7c50c310ef2e5,,,Rayzer250,rayzer250,https://pbs.twimg.com/profile_images/1470531279049404418/DD_foS3Z_normal.jpg
KappaAppka,0x1dea3ebd027577d4d4f6d16a17134bf5b02e0e21,,,,,
LeVraiTetane,0xdac3d64ef9d51c9c46f8d0db1199ea52fa642fcd,"Affili√© Twitch, je stream tout les jours : https://t.co/23TiSzfyAH
Ma cha√Æne Youtube : https://t.co/ldaVbDmNl9",France,T√©tane,RbTetane,https://pbs.twimg.com/profile_images/1337385161902665728/A38H41Ig_normal.jpg
kerm-diddly,0x6530B3508eB530ebb46Bbd82c9731c2Faf87B0e3,,,,,
Tasso6000,0xCD5282D7A782402c808B375fC5bEa408D88A0231,,,,,
Sufficient-Leg34,0xAD698f483d457949e2DaF55e652b45625A53b1C5,Crypto investor chasing the dream. 0xc3dd1a98d508c52fee6b93ce4c5b18aabfc1625a,,Nick,Nick54854391,https://pbs.twimg.com/profile_images/1468472441991225344/8mxn2WJd_normal.jpg
N0ck3t,0x5FD6A302215A2e9ffDdE0a59c326dB0C0253AE2b,,,,,
StanNFT,0x5281a6a26fcd6387d3f15526413c3fc900f2cd53,,,,,
Navarayne,0xf7Ee3eae98231A38FbA2637672a741B5562EB223,,,,,
dkernodle97,0xC0a749e768995A6c5EEFbE840a88168a8dfaC9F7,,,,,
New-Prize-669,0xb4cbedf40cf7dfa8a27974809b2b3702a6c88e9f,Hey I want to chat with like minded individuals with same goal set in mind financial freedom. enjoy the small things,"Tennessee, USA",Cryptokeeper.eth,Phillipnesbitt2,https://pbs.twimg.com/profile_images/1470250458279202817/k3VdY48K_normal.jpg
just_some_kid89,0x148a630eBd9016F641c9950Ecd114C1Da090Afd6,,,,,
kunalduneja,0x23121cbb5c400cbd0f760a75d9e54d2f40e761eb,,,,,
Free-Plan2699,0xc1b4269139a0d0c0fc142d668c4bc0f9417ca5e4,,Costa Rica,Estef üé¨,EstefAlvar,https://pbs.twimg.com/profile_images/947668833585844225/lQ6lYI3P_normal.jpg
chizzl,0xce7Ff14e966C31df699A784033045f709d5997d9,,,,,
NguyeniePooh3,0x664c2A245C65c226BaEA441fFa026Da8c2C6dc36,,,,,
Adventurous-Battle46,0x75af591457f6d979866d3c5b3020ac8947b75029,,,,,
thalhathcm1,0xcAfe21e13E101d14d403A2278819CbE4A7B35f3b,,,,,
FoxshoxNFT,0xc7725760F0C5Fc449514b179aF12482d404752DD,,,,,
Jkr172,0xf955834905C5088D2994cb674a595d13BCd6AA91,,,,,
InternalAd60,0x0dcaf7da15fa1058b747b9cc32c757fbf15c5aa8,,,David Rahe,DavidRahe2,https://pbs.twimg.com/profile_images/1464562749992751109/9MKkz4lK_normal.jpg
NudeFungibleToken,0x3bf04738971d74365d113567da5ee92e92ff7f60,,,,,
Similar-Sympathy-742,0xF50ba7dc034F2Fc54940c1b2Bc80A5C8892D4Ee8,,,,,
Vonb1231,0xe8FA9Fa818A2876E85549cf477e1215E6B258300,Gt Levon,,Levon,Hamnewton1231,https://pbs.twimg.com/profile_images/1307760062140620800/SwVoGksP_normal.jpg
MatriixGliitch,0xD9E64fF4CcE6B16CBa53b7D423a70Ad32bDB01Bb,,,,,
zoity,0x55df861eb729f8e48cb8ab06ea11242ba1750ebb,"Movie Freak |
sc: zoityyyy","Sialkot, Pakistan",Zunair Tariq,zunair_t,https://pbs.twimg.com/profile_images/1291327583779528705/3qJVJjD__normal.jpg
No_Name_9,0x87f3e9fa44665239cbf9ebf739cd5c3ccda0708d,,,,,
twright42,0x2ca025a5134181da143869da7bc787d5b3067db6,,,,,
noonade,0xd1610b81221accf4890fdce36ef5212304f8c409,,,,,
Klutzy-Smoke2870,0xE1c92df6893CA8aeF0d93E4A0f9fE0594af4d909,,,,,
Asadowinn,0x32b22fd4a623c2eef18ff31e13bf9141e56db639,,,,,
OhW1llou,0x29083e8523df170446d8dd98cfbeecc1c10d4d4a,0x29083e8523df170446d8dd98cfbeecc1c10d4d4a,,Willou,OhWill3,https://pbs.twimg.com/profile_images/1469825147305709575/MdPZbOUq_normal.jpg
Neither-Trick-2525,0xA62C8435577287Efe48037C1DfF28ad203aa4ad6,Real Estate is what I sell!,"Maryland, USA",Jamie,jamiehrealty,https://pbs.twimg.com/profile_images/1468700881747124237/E__Fu1Md_normal.jpg
SchemesMcgee,0x1c148e092413840ab0a4c39a9428adb2857f5036,,,,,
Qais17,0xFE538941511816fFF651BD8DDe0de33aAa7df1Ce,,,,,
Mythic_Ruuddata,0x8c42cAfb82b7F097F13C195Ccc07919393cAF90E,"NFT Collector, Building NFT communities, #Eth #Safemoon #dogecoin #btc #sol #shiba #matic #Everrise #Saitama                    Top SocialEarn Earner üèÜ","Chicago, IL",Mythic Ruuddata üêº,ruuddata,https://pbs.twimg.com/profile_images/1471864553856188419/5aVFxnEe_normal.jpg
isiewu,0x6FF29177A2a23F2CB5aa48a3be1BBb1Ad180E375,NFT Africa,,NFTnaija,InlovewithNFT,https://pbs.twimg.com/profile_images/1468118358189084674/UJ6sKXr-_normal.jpg
ComicalComposition,0xc78885bb97c07D4D7AFF5f11be05457E9692d567,,,Obe_NFT,obe_nft,https://pbs.twimg.com/profile_images/1469822872226971652/0sHFqOwP_normal.jpg
skamin0,0x8B597CF936D0Dcd4eb8623b20CabEE66e68Ae194,,,,,
Post-Brilliant,0xef7b2e0cb946d07c481af516f5c408a910529dbf,,,Elzod,Elzod06053089,https://abs.twimg.com/sticky/default_profile_images/default_profile_normal.png
linf0cito,0xb8a4902571920Ac916c76415111646572094b0e2,,,,,
Ma6ana,0xAC2655DaA18e32f34C54404095D58729e2032521,,,javier mendez,soymisterme,https://pbs.twimg.com/profile_images/2504581975/p5gqom1vg4p4kzqx9gd2_normal.jpeg
LawyerSalmon,0x60b9BB4A9D20ee7fa29bD26DACebeCB300Ef42F4,,,,,
mydogiseating,0x691cB93CC72634bf8FC8784f8095c559c9AbF979,,,,,
SuccessfulValuable59,0xc670f274cce1114da3fb06d30966432a50f374bf,,,,,
CorgiSecret4738,0x8e2184f839a0cdd64ea90677f1ccd7bff66cf57a,,,,,
Kounerg,0x7590C94cB7b0EEBD6E77df88F497758Be393b544,,,,,
Pasa137,0x385FfC49B129dA194bd9e94db24d36A5205E2856,,,,,
ninjaorionbitch,0x9Af4405576639c2d6e36C0a569F275511D56f992,,,,,
SomeNuggs,0x0B449Ecc9EbaD5092239Eb6e194435cD3Afcc3e3,,,,,
Seven358,0x2f9813c9746ff746dc43f698de56c20ba948524b,,,,,
Danvica,0x3f3e66d346a5aaac687a096b059932b5cd4cacc0,,,,,
sleem_nijim,0xb32d21e4f7d679011a717fe0e92f52859740c596,,,,,
BeeInternational5987,0xaB78cC458aA3177C904685dc08a881Eb0616B000,,,,,
Iwayga28100,0x918223Ec39CbF6F31Dd89013378Cb98FcEd00A98,,,,,
NouhNFT,0x275437c0c9216c67ca1c8331552dd9f4bdc4b7ad,,,,,
cak_hendri76,0xc82a42182193BE20C909e6f132D91404f0464f0d,,,,,
Embarrassed_Count848,0x0Ff7AA8690e88aC6F5F77d39C25BFE43381343c3,,,,,
Queenebimo,0x9f6076ef6a2dd7ff750c66ec517438f3b7c8f683,,,,,
TheYellowBaller,0x14Dc23F69f32cb0DFF62CD2C4448FCb0cA7E698D,TBD‚Ä¶‚Ä¶.,"San Ramon, CA",Henry Nguyen,theyellowballer,https://pbs.twimg.com/profile_images/1472430454162690049/JQywQPmK_normal.jpg
Not_One_Pillow,0x1bCf3173563ac099e24A6Ad66E904faF276d9657,,,,,
NFTOTO,0xd42db49990a830f4d04f328bc59c4b1d0af4b9b2,,,,,
Zestyclose-Number-94,0x9AC9167fE67c88eba60Cd94Cc030121DBeA3A81d,I am Junaid beckles. I am 31 years old and I am a model based in South Africa. My favourite sport is soccer. My hobbies are collecting Nft‚Äôs and Trading gold,cape town,#shiba,junaidbeckles,https://pbs.twimg.com/profile_images/1471262796902023168/dge_BlIM_normal.jpg
trerding,0x3eb1787dfc60f11bf4a5be6451a01bcda443f70e,,,,,
drbkw,0x6c5ea0243089bb2EEf34D1DD345b9A3DF133c086,,,,,
Professional_Week145,0xc997aa00cd61acc190939b4dd0a533b386678059,CRYPTO PUP NUT,"Calgary, Alberta",CRYPTO MAXX,MAXX0U812,https://pbs.twimg.com/profile_images/1442013845669642243/CKCTa62o_normal.jpg
Fun-Maximum7177,0x1296206Bfe233649B3d14BfeF90C073c5ae6e6Ea,,,,,
Various-Ruin-2727,0xa243d1fb4c0b695f7bdff205071a5f58902af0f4,,,,,
Desperate_Head6386,0x62424F6f93A798550DA1bb3b4Da39ce8e3D51B35,,,Joshua Joute,JouteJoshua,https://pbs.twimg.com/profile_images/1469941156347670530/zC_ohQYE_normal.jpg
eliott_elkes,0x24c0f89b7B94182090d5f4Eb1FCC3756b0880745,,,,,
originalmofo01,0x4787E52e2ACf5b89f57742b1f04f31EcAc6f0220,,,,,
Addison25673,0x9fFDE1f488033692a2E4F1faC76CcfF9F3476a35,,,GFNP,0xGfnp,https://pbs.twimg.com/profile_images/1469922112588578818/KwomxnlY_normal.jpg
MikeB_10,0x082c70c6146982d742292741ef2ef9cf781841d3,,,,,
No-Lengthiness-4665,0xeeFE27c922dccf57d759D6eA48300Ba53A06D341,,,,,
DivinityNFT,0x6b50a91bCa37E6F48D750A38B18be9f9BfACcB0E,,,,,
tanangelo,0x44Feea8b5D58DF3F9c78022FfaA08fb3650DbdC0,,,,,
Impressive-Kick-1502,0xb5fdcbca80c624993c6b131a192bf150b3720612,,,,,
rocketmoonXYO,0x679E2b08F1904aBE8c38840010746e03C272F58a,Awaken on the Moon#flexlove,Singapore,Mel Ong,MelOngLynn,https://pbs.twimg.com/profile_images/1455159337110802433/uqfV6P8A_normal.jpg
Potential_Can_6282,0x129Ca669ad76bFA1273E3949fdA21024eb0EE880,,,,,
Secret_Sample6274,0xdd9A28ef2F55055cEB6f1158A383d1b3Ac73c12F,,,,,
SneackyPeacky60,0x914819dedb9626b342b1b3e62c4323cc8ee081c0,,Portugal,marcio,MarcioC1996,https://pbs.twimg.com/profile_images/1191009125083291653/6Kx2UC3Z_normal.jpg
12idioma,0xC5dA9792E272691b890B29d4351268A3A9eD50d8,,cape town ,idi karriem omary,12idioma,https://pbs.twimg.com/profile_images/1461335837359099904/hIz677PV_normal.jpg
Neeraj1dawooa,0x52d3667689B13dA29f308D2eAA372D76ABB21026,,,,,
Pan562,0x0BCA1cbdA9B11a729ce3c56094325219861393F3,,,Pan562,Pan5621,https://pbs.twimg.com/profile_images/1363167615032516608/GGvh6L6I_normal.jpg
bakapml,0x520535Abc939d280F5E9d85b493D623AaE154C51,,,,,
No-Slice-4950,0x9342e191d53b6b3079D250902A5f6318fd02fFDe,,,,,
Czechnum1,0xfa2A243dfE679A5D187b82A39F38D4371452e271,,,,,
Risening,0x2a8D564f91261c536a103A35f99243BE1C73F4B7,,,,,
Criticalbubbl3,0xDB49f2AF005FD5D724aE1dDD4A4aa62C57236d9D,NFT Holder & Trader,,Cristopher Lunardi,Bubbl3Haz3,https://pbs.twimg.com/profile_images/1471129189113815042/mgSBhN2z_normal.jpg
Mindless_Swim_6464,0xE01C78acD092baeb20561165A4B59Ef3176d1F6F,,,,,
Beginning_Flamingo_8,0xa1236d36d7A25b82425B4D12BFD8b89176C22838,,,,,
BlackCocoNut18,0x7e82ceea8b6400d4c906705740aae92537562af1,,,,,
RaveHobbit1994,0xcbca6647db4c3d217643ae1edc5c903bbcda4e21,,,RaveHobbit,RaveHobbit,https://abs.twimg.com/sticky/default_profile_images/default_profile_normal.png
Mediocre_Parsnip5506,0xB50498878C9B3E017321e2b689B76e4eF5D3B401,,,,,
MedstudentSHIB,0x2de9f5ae012261296a58a3c7b32e5f8568020b39,,,MedStudentSHIB,MedStudentSHIB,https://abs.twimg.com/sticky/default_profile_images/default_profile_normal.png
trimericstorm85,0xbe4ae91ad3562824ad87123cfd78fc42a5f08e5b,,,,,
TerlasPalas,0xACAF616a58A39364e2842bcF6AEF9eD4b73A9408,,,,,
jannnibal84,0x189a7d35b15418cbf4793913d0619977953975cb,,,,,
Keato15,0xABc49efd02480E39Cf48B2E5BA227023aCd205d5,,,Chris,Keato1588,https://pbs.twimg.com/profile_images/1471567872744955905/Xx_EF_41_normal.jpg
Horror_Asparagus234,0x94a35Ce889d08D3BE9781e241fA8F480d320F519,,,,,
Own_Drag_3013,0x77b669f2ced6b9b6cf2116e01e6d8eb173e1085e,,,,,
uetroslav1,0xe8de779bc69ff63fCF417f624547576BBF05A7c7,,,,,
Asashin_AI,0x96d7fa80426d8d4ee53744a2619b793f7aa79318,,,,,
Rubenpaa,0x6a902139d0b794bbd576346a75b6ff8cca8513c9,,,,,
Fab0484,0xa93419dc9684B772E317FEEE446E979834CDAE1B,,,,,
jeromeazavedo,0x0873F73A017a5d76fD7412e146fAE9c152Da48f1,"Protesting, rebelling, revolting",,Rebel_Uprising,RebelUprising1,https://abs.twimg.com/sticky/default_profile_images/default_profile_normal.png
Zealousideal-Put-952,0xA8C666515f662a076Bebd92E816731e7f8b5268C,,,,,
PsychologicalFile189,0x1ae4627abbc650beadd72e41e558a49dd89bc12f,,,,,
jeychov,0xfDBb0106337A159c708fDaFA7EdCf8B224426926,,,,,
Joseuay4,0x2F3C918818A3d32ceC80BC66D43246Ba3B9075b3,,,,,
Cristinel17,0xcce3e48d11db6f47d0df44c06d7db212c4a0d3a5,,,,,
thornysmoustacheride,0xBC592D62687764870efa590FAAf9668A8e9b8AF9,,,,,
MeatCrap,0x82fd9b6b3a90d13760cd3d3f2fdc2f66085826c7,,,,,
arkvooodle,0x9625517DcBF439bbAd8508488e9f8550A036ACF4,,,,,
Remarkable_Two_9104,0xdB75fa59043B490b7Ad406386469e3F994dC0b53,,,,,
Above1887,0xc5994939b3Ba8a646a0fd278f60e871df7dA1786,,,,,
Otherwise-Ruin-1551,0x623c502bc947357615678077ef095d9a4d6bde0d,,,MUSHcoat,theMUSHcoat,https://pbs.twimg.com/profile_images/1411038011706511364/o5Xgn6jL_normal.jpg
dazouu,0xbe2c4cfcbc30e6856911d036e17e829ddae26958,,,,,
theDevIsHereNFT,0x2381681c50434df8991180FcEccB19D08f55509f,,,,,
No-Character2650,0x0a85fafec6569867dab25a4c2ae98c3bb00426bb,,,,,
Tight_Persimmon4702,0x1ca4136b9be4a59a64adbc64ce5f08e858e18282,,,,,
ZineeddineBelal,0x7737f3db2efdbb7aca5e29076f552242ca2a882b,,,,,
SnooDoodles2260,0xebF50d368cE98a3B3C31408B409f1E411F7a0071,,,,,
Intelligent_Usual_24,0x7ed8f4940e88adc35497447373db8fbda142e073,,,,,
ilivamo_artist,0x70C3F1a512201D4552772d1DDe29D4dBA0B456A0,,,,,
Budgetilimited,0x1Fb6Ef734c2156eF581043e22d691Ba90CF5dEA3,,,,,
Frequent_Fly_4484,0x37d1a281da56e86aefd649f4d7dffe4c7d647f6b,,,,,
Dimi_379,0x389155B2EfFb6Fa57e991490Bca948Db69288051,,,,,
MisterX225,0x0473fB1338c0b3a5a40D0C65f3A1cBE587beD351,,,,,
Dadakayy,0xDC4F5B2BEF394b1FcF7E50B4290ED1505840F51e,Creativity is the keyüîë,,Kayy,Dadakorede3,https://pbs.twimg.com/profile_images/1395098242950565889/rnHXd6-S_normal.jpg
Faolix_,0xe7b113415675d139b2107c4430807f309648a868,,,,,
Marmotte420,0xa98194d8bb365a37b786943d68ba454570408c36,,,,,
mathiasbvss,0x1e37EE03c440BD5508a2778a2b950EDe296F6E2B,,,,,
Maxbct_NFTcollection,0x228c3f6ccc2784f8a126f5add79c42bc3fc75af8,,France,Maxens Bct,maxens1906,https://pbs.twimg.com/profile_images/1158392439511666689/12asAasv_normal.jpg
Gibzby,0x59BDaa5e3D18B541Da094fE7e5ecd2d9A69714fe,i'm a drastic thinker and fun to be around,Nigeria,Gibzby,Gibzby_,https://pbs.twimg.com/profile_images/1437370480743305220/X0Cgzfdo_normal.jpg
sIldefonso,0xe8ac155e989864c0abe779e60a98d6207c9db384,,,,,
LAsixteen,0xfaac834e57335ced9bf186d37eff40a23b268c86,,,,,
nmitrasevic,0xb5e0F98a9cD20f527B67cCB314c25d996903cDc3,Nemanja Mitrasevic is an orchestra conductor from Serbia. He composes and plays music for self-expression. An Orchestra Conducting graduate of the University of,,Neca,nmitrasevic,https://pbs.twimg.com/profile_images/1453702735984013312/6xeeJPbz_normal.jpg
aragorn180,0x566df62e2ae0bffb159a9a498671a4646d049bc6,,,,,
Tylink891,0x1f8d23EDA1596C870554D97ddf81c070bCfbF31d,,,,,
Alfadrm,0xb8c49f227b8cf44b6bc55f95451156be615f36e4,,,,,
Head-Wafer-442,0x1368C8C3A40deF0582976414535Dc2a3A08793BF,,,,,
__jorn__,0xcc8031d9262da935e10c78473e1d6efdd8985c22,,,,,
Poukbuntu,0xacb57Ddb20761E3ffd1BA318d36c4E2975D284FB,,,,,
BenGouzz6969,0x1a6bbe2314f9f7c5f721fcafed75fd034fd6c3bb,,,,,
CarlosAlgoz,0x3f8cfabf7ca0158d9a1b2a22e9cafd129a10cbea,https://t.co/zWSgpgk10z,,canathur,canathur,https://pbs.twimg.com/profile_images/1472352460639555586/zxACLSb8_normal.jpg
YSYS7,0x86b9782Dce483db8d3f18A8f1C0a63c64cD49339,,,,,
anonymous2181,0xd15f9767461a90a55c59d706794eb7a51e5e6c05,,,,,
Proud-Baby3939,0xaA46745015548798526629bF32Ad2ee02f0AFa21,,,,,
Exotic-Match-262,0x6f6544D2049472d2C339ebe084119110f50Ca7f6,,,rwt,rwtobi,https://pbs.twimg.com/profile_images/1332656336409079809/omqwynT1_normal.jpg
Glass_Antelope_8471,0x9493d57A998b3548Fe753A5B427C09D3abcD0830,,,,,
PalpitationOver2951,0x2310a345D6F00C1163409DEF18686c2343D82E56,,,,,
Substantial_Good_377,0x5FBD44713e5C51a767E17b5994480C20AC221D46,,,,,
Tob213,0x1579421745fe0bbc6069b5549dfba2f8c295b8be,,,,,
Curlz13,0xaDBC27174B1Ee437D309636454e8D0Bf11a9314a,,,William,William15947343,https://pbs.twimg.com/profile_images/1400173874671652866/0mP0LwJY_normal.jpg
Aceteddy,0x911875C126d195489153DbAE2C861b1Dfe263c01,,"Sekondi Takoradi, Ghana",Maxwell,Maxwell30128364,https://pbs.twimg.com/profile_images/1465751784379531269/Ozm_8JxM_normal.jpg
