reddit_user_name,address,reddit_avatar,reddit_account_creation_time,twitter_description,twitter_location,twitter_name,twitter_username,twitter_avatar,balance
snowproof,0x1983aA7648aF23270D78Ec764730C32FdE1596eE,"https://styles.redditmedia.com/t5_140ecz/styles/profileIcon_fsqjs4uth5r71.jpg?width=256&amp;height=256&amp;crop=256:256,smart&amp;s=10e5a0aacaf9a668b408ba241344ea3fc044f72c",2018-01-05 17:37:51,https://t.co/gfZwPUShuk #toyota #pdx #oregon #youtube #cars #tiktok #nft https://t.co/Mjdeo5iA9O I love nfts! Not financial Advice.,"Gresham, OR",ScottM @ Gresham Toyota,mosersct,https://pbs.twimg.com/profile_images/1473335757070749696/kqHucx0n_normal.jpg,0.0210291692753798
Shalombol,0x60178113d66AE40cb128c5756fa5cA549CcDaF52,https://www.redditstatic.com/avatars/defaults/v2/avatar_default_2.png,2021-11-07 21:39:58,"I love Jesus..Happiness and Peace!!
https://t.co/ykefKTVwyQ",,Shalomoji,Shalomoji1,https://pbs.twimg.com/profile_images/1464712809154064385/EB9LHFTt_normal.jpg,0.0
Inevitable_Lawyer308,0xd6ffC3013b0a1434588f6f378929005fed1C2BCe,"https://styles.redditmedia.com/t5_3t6nqa/styles/profileIcon_h1tgf1lhje481.jpg?width=256&amp;height=256&amp;crop=256:256,smart&amp;s=b65c22733d00170e24f841773dc71e3c4a19cb02",2021-01-28 03:09:32,"deaddinoworld:
https://t.co/6zAc6rmxb6

Glizzy Gang: https://t.co/rSEbUZA2Bv
little alien club:
https://t.co/5mMuszv0wS",,nftrippy_GlizzyG,jans_zech,https://pbs.twimg.com/profile_images/1474619345993191427/_leLu230_normal.jpg,0.001538434297995
Geopal13,0x926Fc02C90EfeCc0085320fEe1437A1CC80A776f,https://www.redditstatic.com/avatars/defaults/v2/avatar_default_1.png,2016-01-09 08:23:14,ŒöœÅŒ±Œ∂œâ Œ±œÅŒ± Œ∂œâ #PandaMania https://t.co/Xj5GT75Xvs,ŒµŒªŒªŒ±œÇ Œ∑ œáœâœÅŒ± œÑŒ∑œÇ œÄŒøœÖœÉœÑŒπŒ±œÇ,Œ∑ œÄœÅœéŒ∑ŒΩ œÉŒøœÖ,krazw,https://pbs.twimg.com/profile_images/1478585679030407168/WYCQ0cip_normal.jpg,0.0
CarlosAlgoz,0x3f8cfabf7ca0158d9a1b2a22e9cafd129a10cbea,"https://styles.redditmedia.com/t5_2z9j58/styles/profileIcon_snood975abd3-5660-4c14-adb8-387a7e0f34a4-headshot.png?width=256&amp;height=256&amp;crop=256:256,smart&amp;s=1858e76eac2823d70cc4f1e1224804cbc52c4a67",2020-08-11 23:29:43,https://t.co/zWSgpgjtb1,,Canathur,canathur,https://pbs.twimg.com/profile_images/1477272664918138881/VsRIYojr_normal.jpg,0.016
singabouy,0xacfAe84175310434e51CE0BaadE6D18a514F4bC1,-,-,"Songwriterüéπ
Vocalistüé§
lover of good music
Uniqsingabouy@gmail.com
Vbank - 1004891963
https://t.co/Y9l4v3k745

2cmX5hSxV72p94NhzxPAk95qhDb7qQu","Lagos, Nigeria",UNIQ,Singabouy,https://pbs.twimg.com/profile_images/1462354663731351557/aZ9vWlYI_normal.jpg,0.0
42rw3,0x5B5EEef1Ee814d4b6740bC53AA714555f1deA7cF,"https://styles.redditmedia.com/t5_blknl/styles/profileIcon_snoobafda7cb-6cc7-4327-ad9d-8b05d1b544f9-headshot.png?width=256&amp;height=256&amp;crop=256:256,smart&amp;s=bcab35188ce9de8c5ee5d2585b537edf8acf22f6",2011-08-18 15:50:11,"Twitter home of  the 1 NFT x Day project 
The random works - https://t.co/LHaWAUxgqc",All over the World,1NFTxDay,1nftxday,https://pbs.twimg.com/profile_images/1467913563020922881/_3eBGrPF_normal.jpg,0.0
jinandtonix,0xf376eae57e7a22908b23d27c1a103ab237396e15,"https://styles.redditmedia.com/t5_2h69a7/styles/profileIcon_snoo4fd77c30-d999-4a29-b20a-acade2ace92d-headshot.png?width=256&amp;height=256&amp;crop=256:256,smart&amp;s=1b3630ca34e403d2fddf0d13e14a725dae5c7c62",2020-03-07 18:21:30,Always on the hunt. Two Clicks. #NFT Collector #NFTS #Metaverse https://t.co/KwF6XUsSzD,Beantown,Jinandtonix üéØ,Jinandtonikx,https://pbs.twimg.com/profile_images/1435485093867425792/EFqyDi72_normal.jpg,0.0336745617678397
anonomart,0x24Db79F5AA99c77Accfef374209003fAC251e012,-,-,"NFT Creator. My creations on https://t.co/Ak3j89WGX1
Promoting other creators on https://t.co/DlygN9cKrt",The MOON!!,AnonomArt NFT,anonomart,https://pbs.twimg.com/profile_images/1469259927516549126/6LDF_uh__normal.jpg,0.0
Psychological_Job754,0x5491cf37ecb4aa558cf19131dc7b8712020cc666,"https://styles.redditmedia.com/t5_54v18i/styles/profileIcon_snooc55c24a1-af97-41b0-ba85-9d2e67b52721-headshot.png?width=256&amp;height=256&amp;crop=256:256,smart&amp;s=366a80088fa1e9d819f00d4ba35610ee274ed956",2021-10-05 15:40:26,"I'm a retired military veteran that builds, paints, designs custom signs and wood working projects. https://t.co/PVOkuk9GAV","Fort Bragg, NC",Family. Love. Inspiration,FLIWoodCreation,https://pbs.twimg.com/profile_images/1464569281379713026/rO-vNrtR_normal.jpg,0.0411661
platipus_theo,0x1b0dac61be3b38792533a65ec9581b1462ce110d,"https://styles.redditmedia.com/t5_ghbc6/styles/profileIcon_qb3ptia660p71.jpeg?width=256&amp;height=256&amp;crop=256:256,smart&amp;s=aaa22b30fce9c23b5f2ec17a4a646e9225bac993",2018-03-04 17:13:09,Creator of beautiful NFTs https://t.co/2QPoTXpteb‚Ä¶,"Rotterdam, The Netherlands",Theo Lagendijk,theolagendijk,https://pbs.twimg.com/profile_images/1477979159544619008/ieIkaMT9_normal.jpg,0.0114223470317694
musicforfilms,0x0f96adf94b3f89262119694245eae2310d6c7403,"https://styles.redditmedia.com/t5_7ia1p/styles/profileIcon_snooca3783f0-379c-483b-958d-a36793b53cbe-headshot.png?width=256&amp;height=256&amp;crop=256:256,smart&amp;s=cb6ce3c8e6ffbd2c8b05b43e5573bad1ff163350",2016-12-17 02:56:02,THE WORLD WANT A REAL DEAL #actor.  #bitcoin        üö´UTSIDERS    #Musicsupervisor #hiphop #july7 ‚ñ∂To make a Donations the group :https://t.co/uOovvmi1eZ,www.planetcryptopia.com,BDAY JULY 7,REALDEAL7786,https://pbs.twimg.com/profile_images/1093117219792474112/Y0MZsm2J_normal.jpg,0.00198666
wmiller21701,0x41895CF5eC3FAf9cf22992Aeaba4F62F743E5B18,https://www.redditstatic.com/avatars/defaults/v2/avatar_default_4.png,2020-01-14 21:13:45,"Photographer, Writer, and Career Insurance Professional.  Above all these though, a Husband and Father.  https://t.co/y8FCoKjVmB",DC/Maryland,Bill Miller,Photoman_MD,https://pbs.twimg.com/profile_images/560639938908409856/LyvVnMmA_normal.jpeg,0.1224657560621891
SMokinHawaiian,0x0437d0e4210cf980e771becbaf123b9f16e1f69a,-,-,"Wild Goat Gang  https://t.co/PIEuOfpkKw
https://t.co/wTcXuMG67V
Eth  0x6cba7ac2a051991890555e3ac40dc5ecf89fefd8",Tampa Fl,Stoned_Goat WGG (üêêüêêüêê),NFT__WAGMI,https://pbs.twimg.com/profile_images/1473057766180855819/prLTiq_4_normal.jpg,0.0
itsimmikhan,0x643C1D484343f7019dC38E6C95A4643224276617,"https://styles.redditmedia.com/t5_4ey9bx/styles/profileIcon_mb4vhex334z61.jpg?width=256&amp;height=256&amp;crop=256:256,smart&amp;s=273f7eda61d0cac9502ec2635f3054ee9c6fdbc5",2021-05-14 16:12:54,"NFT collector and seller
#SUPERFAMILY
https://t.co/WsdflBoIFJ",,NFT Ghost,NFTGhostxx,https://pbs.twimg.com/profile_images/1473369002571358225/ZEKKkOUo_normal.jpg,0.005079707860321
unkLjoca,0x76f0267EBd394db437505dC9bA3491e3f1eDEA8E,-,-,"Photographer/Videomaker from Rio
https://t.co/qILAQBy2nO
https://t.co/cXCMKCvOMH
0x76f0267EBd394db437505dC9bA3491e3f1eDEA8E","Rio de Janeiro, Brazil",JPBT,unkthepunk,https://pbs.twimg.com/profile_images/1467887396192718852/0AMHybib_normal.jpg,0.0
Mundane_Secretary257,0x6cbA7Ac2a051991890555E3aC40Dc5ecf89feFD8,-,-,"Wild Goat Gang  https://t.co/PIEuOfpkKw
https://t.co/wTcXuMG67V
Eth  0x6cba7ac2a051991890555e3ac40dc5ecf89fefd8",Tampa Fl,Stoned_Goat WGG (üêêüêêüêê),NFT__WAGMI,https://pbs.twimg.com/profile_images/1473057766180855819/prLTiq_4_normal.jpg,0.192798810010347
DEOVAAS,0x02f7fb79169d942081ca09c63d9df237c041057d,https://www.redditstatic.com/avatars/defaults/v2/avatar_default_4.png,2020-07-08 05:30:36,"#HUMBLE ME
#LOVE LIFE
#A DANCER
#AN ACTOR
#FOREX TRADING
#CRYPTO_CURRENCY
#BLOGGER @( https://t.co/PhF5OGSjKZ )

#kindly follow me on I.G @DEOVAAS",kwara state,@Deovaas,deovaas,https://pbs.twimg.com/profile_images/1356379647232061440/Pii9r_eI_normal.jpg,0.000316
Benhur_2103,0x51FB92b738e291D8704177Ed87531dC428078824,"https://styles.redditmedia.com/t5_54gw2w/styles/profileIcon_snoo4d6f49ea-145a-4c48-8f04-2d425e5b4ca4-headshot.png?width=256&amp;height=256&amp;crop=256:256,smart&amp;s=bbf2eb84996c5faeedee2396738dee310f75f7d8",2021-10-03 12:37:54,"Welcome to NFTs lover und collector ‚ù§Ô∏è
https://t.co/7i3jQUaXrd //
https://t.co/kHPhkgwbWW",,Benhur 22,22_benhur,https://pbs.twimg.com/profile_images/1478896876762054656/btnQD247_normal.jpg,0.0184172285407364
1umin8,0x8755B12f034ee7b2383fCF5E849201C71622CC44,"https://styles.redditmedia.com/t5_5bpzvt/styles/profileIcon_snoo0c9ffdfc-4f15-4eca-b753-d9ea9507f906-headshot.png?width=256&amp;height=256&amp;crop=256:256,smart&amp;s=099086789d86404f1e9b0fec6f40f65ec640a963",2021-11-12 18:16:48,"#nft
#metaverse
#crypto
#tesla #spacex
#pinkpanda #staratlas #phantomgalaxies #elementbots #monkeyninjas
https://t.co/N4eEQHu1rC
https://t.co/CZU9wRbDLt",United States,N8TR0N Crypto,n8tr0nc,https://pbs.twimg.com/profile_images/1451332073785069569/M5p5bPzG_normal.jpg,6.3e-05
rambumriott,0x4A9a9C576EF773E274C2F5cEdf0F00f4e9a6643B,"https://styles.redditmedia.com/t5_3gp5to/styles/profileIcon_snooac957d5b-5b79-4a3c-b883-806e8a5a458a-headshot.png?width=256&amp;height=256&amp;crop=256:256,smart&amp;s=892e760108586d0a8857ac9d01c26f07bcd9395c",2020-11-24 22:07:37,"super rare occurrence - Join me on Coin Hunt, it's awesome! #CHW üò∫ https://t.co/dSOi7RadBx", üçÅ,ramri0t.eth,crypt0ccurrence,https://pbs.twimg.com/profile_images/1476305227208925187/N7k3ItXz_normal.jpg,0.0188854704457278
E-nuel19,0x9Fee2EAE9566BF32aF3CFA4d8B69D68F32491C99,-,-,"caring,jovial...fun to converse with
https://t.co/2wAOhJE1Lm

https://t.co/3HGAiZMn9u",,E-nuelsprite,nuelsprite,https://pbs.twimg.com/profile_images/1456509696567808000/_z31GKGB_normal.jpg,0.0
rambumriott,0xbc7250c8c3eca1dfc1728620af835fca489bfdf3,"https://styles.redditmedia.com/t5_3gp5to/styles/profileIcon_snooac957d5b-5b79-4a3c-b883-806e8a5a458a-headshot.png?width=256&amp;height=256&amp;crop=256:256,smart&amp;s=892e760108586d0a8857ac9d01c26f07bcd9395c",2020-11-24 22:07:37,"Work for Chelsea football club volunteer at AFC Wimbledon football club.
https://t.co/kHUnQu5Xbi https://t.co/2UTx21s05Q

Self made millionaire.",127.0.0.1,C0nw0nk,C0nw0nk,https://pbs.twimg.com/profile_images/1477873805/3f9b2af0e6404cfe38f9ce2f_normal.png,48.497475628210005
Professional-Sign355,0xc39f995fa65d7a1fc33daf4f19d40ffde0d1ac38,"https://styles.redditmedia.com/t5_2zy7oj/styles/profileIcon_snoo47aa7826-b305-4720-a864-722fd29ed1ea-headshot.png?width=256&amp;height=256&amp;crop=256:256,smart&amp;s=cb721585dbdede7e0fb8eb787ccb2ff5b255d6ee",2020-08-16 18:09:03,Creator of unique nfts                      https://t.co/XOhw2AuKhh,,Dazelle-designs,DesignsDazelle,https://pbs.twimg.com/profile_images/1477407766100819971/2Da9VoW4_normal.jpg,0.0078241610375847
NefariousClassicDrX,0xED43339eDFDF96CbE2719A901d7b1Cd32578Ac91,"https://styles.redditmedia.com/t5_5hxxog/styles/profileIcon_96izf6lbks581.jpg?width=256&amp;height=256&amp;crop=256:256,smart&amp;s=c577aa0049282165ee6e56d0e3227fd86186299e",2021-12-15 23:08:21,"Take advantage of bundles and get huge savings now!üëèüíØüíØüëèhttps://t.co/wggHqjpCEk
üíØhttps://t.co/AXDJkTtfiNüëèhttps://t.co/WSaILhxLdQüíØ",California,Wil Floyd,wflo,https://pbs.twimg.com/profile_images/2532429631/0uf4ibo2swwydj2v1uyq_normal.jpeg,0.0
That_Capital_1682,0xC97C4a7E1FbFcB19B6eA7436a26c70f5E30BfE3D,"https://styles.redditmedia.com/t5_3tasxp/styles/profileIcon_eivfec9yc5z71.jpg?width=256&amp;height=256&amp;crop=256:256,smart&amp;s=618ce24b8d1dadc3a0d91b448cfc94627794bb82",2021-01-28 07:24:41,NFT Art Creator & Collector  https://t.co/sO1AhJcvby,,weissioGrandpa,jons_nft,https://pbs.twimg.com/profile_images/1464355932364808197/QHhLFTGq_normal.jpg,0.0
Maleficent_Dog6379,0xEb36D17e69EB723b4cF8f8f286Ee0E03f99aC8F8,"https://styles.redditmedia.com/t5_455f95/styles/profileIcon_snoo55c88027-9501-46a8-a350-de6a78062ef6-headshot.png?width=256&amp;height=256&amp;crop=256:256,smart&amp;s=28b1f6018567a2e921115e5f7e5b8dbc956e016d",2021-03-22 16:28:01,https://t.co/IcAZT6znrC,,Mr. Ben Blogs,blogs_ben,https://pbs.twimg.com/profile_images/1303707314680205314/xOYeKTHM_normal.jpg,0.0007435248682049
Artsutarazx,0x1094336bEaE7a2b4AF86e4B4b0b163F1E8c4aDD5,"https://styles.redditmedia.com/t5_2iz58x/styles/profileIcon_k43revayxb681.png?width=256&amp;height=256&amp;crop=256:256,smart&amp;s=e48941d2fbd831485539d7b477a19f5c3e36727d",2020-03-28 15:51:17,"Join the Polygotchi Family!
https://t.co/3uNSeBQuEK
And Dante the Husky!
https://t.co/TDA3BWgATi

DM for promos!",,Artsu,ArtsuNFT,https://pbs.twimg.com/profile_images/1472240034095013890/-vaJRXti_normal.jpg,0.0
Xicoal,0xdB837e0325B6e2aD4A303aDC712b4EB067c8B20d,-,-,"Check the collection!
https://t.co/DXeeGxy9DG‚Ä¶",,Alex,Al_Hitroff,https://pbs.twimg.com/profile_images/1450197106/___________000000111111111111111111111111111aaaaaaaaaaaaaaaaaaaaaaaaaaaaaa_normal.jpg,0.0
No_Ratio8139,0x5f99eb599c97615aa3de530ffd351e326b7a3af1,-,-,https://t.co/VKcUUDh9yH is a website that is a resource for mountain bikers. I also love everything Crypto and NFTs,,zionbikes.store,ZionbikesS,https://pbs.twimg.com/profile_images/1466446959573569537/MYZOPY3D_normal.jpg,0.002928273684053
Desperate_Head6386,0x62424F6f93A798550DA1bb3b4Da39ce8e3D51B35,-,-,https://t.co/2Au82XqdOT,,Joshua Joute,JouteJoshua,https://pbs.twimg.com/profile_images/1478284343545982976/7hUaooFp_normal.jpg,0.01157
Murky-Standard-193,0xFbF48D5cafA0e951b5bbd2C40af0F4c870F0c7f3,-,-,"Send @tipzcoin (TIPZ) to @Adexiano

Enthusiast
|Optimist| 
Qualification: https://t.co/3IWZgMAskX. Agronomy",,Hardey,Adexiano,https://pbs.twimg.com/profile_images/1400866492569243648/AjcZJUOS_normal.jpg,0.0
Complex_Witness1266,0x1458de28493d2c9e097169566c03292f939ee2e7,-,-,"Wanders here and there...
Art: https://t.co/LdCuGEoVm4 ‚úèÔ∏è
NFT: https://t.co/eGWgSO2A1V",,Stan0nyme,JustTheStan,https://pbs.twimg.com/profile_images/1468984026342072320/yq4300hA_normal.jpg,0.0665573049052106
kokothewizard_,0x9c105771c73477Aff5d2A7cEcf11e21BdA9570d4,-,-,https://t.co/yNxbK8Bs9c,,kokothewizard,kokothewizard_,https://pbs.twimg.com/profile_images/1475727550475382784/Acv4Inhb_normal.jpg,0.0
jimogavlin,0xb8df22d7fe53800982785f31f7ffea7eed437dcf,-,-,"‚úâÔ∏è for PROMO #NFTGiveaways üéÅ-https://t.co/lTkalIXXrk - discord:jimogavlin#9604 -
#NFTCollector - #NFPNFT- #Cybergorillas- #DivineWolves -#BitKongz","Vancouver, British Columbia",Theodoros Pavlidis,TheoPavlidi,https://pbs.twimg.com/profile_images/1478616601666621441/pSV2SIov_normal.jpg,0.2638599697368561
NoTurnover876,0xec67d53a80e6e4de111d96e419ada8504a71ce8f,-,-,Insta: @ambesjr                https://t.co/1QvZXUwMGQ,"Ludwigshafen am Rhein, Deutschland",Ambes JR,AmbesJR,https://pbs.twimg.com/profile_images/1471746245257531395/OMgSZ2Ka_normal.jpg,0.001556071166025
AboveTheMess,0xd406b67dd9eeefee8c4951897bea595f11273049,-,-,Watch more: https://t.co/TL9HQ9uG7l,Japan,HCG Master,HcgMaster,https://pbs.twimg.com/profile_images/1443098344998400005/dl8Lw3g0_normal.jpg,0.0
t_vinayak,0x458d0de533583b29d7d239d1761a99ff0f1daccc,-,-,"Enthusiastic for NFT| Cryptocurrencies| Ethereum|Smart contracts

https://t.co/6zViDASMDd",,t_vinayak,imaradiohead_v,https://pbs.twimg.com/profile_images/1460805049710379013/HFzCCad5_normal.jpg,0.0
LeVraiTetane,0xdac3d64ef9d51c9c46f8d0db1199ea52fa642fcd,-,-,"Affili√© Twitch, je stream tout les jours : https://t.co/23TiSzfyAH
Ma cha√Æne Youtube : https://t.co/ldaVbDmNl9",France,T√©tane,RbTetane,https://pbs.twimg.com/profile_images/1337385161902665728/A38H41Ig_normal.jpg,0.0
stashoney,0x50faadcb22a844a1193acd0f5bbf29d07be68fb4,-,-,"@Xxxpunk is new nfts platform from Indiaüá≥üá™ 
buy new nfts @wazirxnft.üëá
https://t.co/1fq2H3YdQg
@opensea 
https://t.co/xoU4hKPiOq","Indiana, USA",Xxxpunk,Xxxpunksx,https://pbs.twimg.com/profile_images/1455790796347564037/S_RbARGW_normal.jpg,0.0
JustinMS3,0x58955980b61b65bfa6a6738ce146e575274af34b,-,-,https://t.co/81n8hDcV2y,"Kingston, Ontario",Justin,JustinAMC420,https://pbs.twimg.com/profile_images/1472623361767493635/iL7WKwuH_normal.jpg,0.0062723773011137
stockerBro,0xbD8B71836A92eC8F53283AB5F632EE06038B8359,-,-,"A NFT a day keeps the haters away. üòÅ
Bringing you a new NFT each day for the next 365 days. üöÄ
On Opensea: https://t.co/JQ5GS1XEc9",,NFTADAY,ANFTADAY,https://pbs.twimg.com/profile_images/1478209921472770050/LhiLIioD_normal.jpg,0.0146135850518083
galaxic0n,0x6f5781b8d3e3398cd50c274a5b111bd7fe0e4805,-,-,"I am turning this to my coding journey repository, i also hope to have fun doing it.

https://t.co/Ani5UG4aCr",Universe,Galaxicon,Galaxic0n,https://pbs.twimg.com/profile_images/1363420844031152133/CaWjZJP__normal.jpg,0.0
Complex_Witness1266,0x1458dE28493D2c9E097169566C03292f939ee2E7,-,-,"Wanders here and there...
Art: https://t.co/LdCuGEoVm4 ‚úèÔ∏è
NFT: https://t.co/eGWgSO2A1V",,Stan0nyme,JustTheStan,https://pbs.twimg.com/profile_images/1468984026342072320/yq4300hA_normal.jpg,0.0665573049052106
Cheeda212,0x4F4D7740986186F41BB2C06F5a72De8199965242,-,-,https://t.co/ZvzGDJEW94,"Manhattan, NY",Tina Mars,ameise212,https://pbs.twimg.com/profile_images/1473838318412615683/r_JDSjqr_normal.jpg,0.0767752151279266
Glittering_Wind6082,0xcFDB49D21CaD343c857cC98570bd2ECcbF38E3cd,-,-,"The 22 Collectives üòá https://t.co/5MTFRnL43O üîó

A Brotherhood Of NFT & Crypto Enthusiasts

It takes 2 2 make a movement
         ~22.22~

#NFTGiveaways #Giveaways","Hendrina, South Africa",Anthony Mark Freeme üî•B,FreemeMark,https://pbs.twimg.com/profile_images/1477072250834673676/_blTctaE_normal.png,0.0
SMokinHawaiian,0x0437d0E4210CF980e771bECBaf123b9f16e1F69A,-,-,"Wild Goat Gang  https://t.co/PIEuOfpkKw
https://t.co/wTcXuMG67V
Eth  0x6cba7ac2a051991890555e3ac40dc5ecf89fefd8",Tampa Fl,Stoned_Goat WGG (üêêüêêüêê),NFT__WAGMI,https://pbs.twimg.com/profile_images/1473057766180855819/prLTiq_4_normal.jpg,0.0
NoTurnover876,0xeC67d53A80E6e4dE111D96E419aDa8504a71ce8f,-,-,Insta: @ambesjr                https://t.co/1QvZXUwMGQ,"Ludwigshafen am Rhein, Deutschland",Ambes JR,AmbesJR,https://pbs.twimg.com/profile_images/1471746245257531395/OMgSZ2Ka_normal.jpg,0.001556071166025
Jernocide,0xF5d185A99a552E5E4c6AE6f945Db7ED297D09b83,-,-,Kirim pesan ke Nahla ahmad siregar di WhatsApp. https://t.co/DmmrvPz4xU,,Nahla_siregar,NahlaSiregar,https://pbs.twimg.com/profile_images/1478022615490916352/0k7aVEYV_normal.jpg,0.0
AlozerkMY,0x206B1255E9E1efD3594357119595783405FAae85,-,-,Steam Trade URL: https://t.co/C7ofXIPtqb‚Ä¶,Between Sun & Moon,ichibandaiichi,ichibandaiichi,https://pbs.twimg.com/profile_images/1465927902428426240/IiGnVeQY_normal.jpg,0.00657
spaksu,0x51D22167b72D696acF2Da500133bF65f4f198692,-,-,"Sales bot for https://t.co/V0K5o7bCDj
powered by @nevinyrrals",,GenzeeSales,GenzeeSalesBot,https://pbs.twimg.com/profile_images/1449434925048815619/2NMhjCiE_normal.jpg,0.001688434204608
Mayank_kenloom,0x59dA52D7b7f5C7Ab71374a913Df1168CA41971f2,-,-,"I am deeply into nft world‚ú®
here check out my collection
https://t.co/CigbYArRgJ",India,ÁÅ´ | kage,MayankP35430873,https://pbs.twimg.com/profile_images/1468591175690948612/b_jO_4gt_normal.jpg,0.0
unkLjoca,0x76f0267ebd394db437505dc9ba3491e3f1edea8e,-,-,"Photographer/Videomaker from Rio
https://t.co/qILAQBy2nO
https://t.co/cXCMKCvOMH
0x76f0267EBd394db437505dC9bA3491e3f1eDEA8E","Rio de Janeiro, Brazil",JPBT,unkthepunk,https://pbs.twimg.com/profile_images/1467887396192718852/0AMHybib_normal.jpg,0.0
Ok-Advantage-Shishi,0x79F7f40F236184E01edF686a5c38b8166a4eF5B5,-,-,YOLO-REAL-DEAL-devilshRight-notNegative-notHatefull-spreadLoveNoWar-SARCAST-CYNICAL-humor-FreshVieuw-Truthfull-NFTNFTNFTNFTNFTNFTNFT-CRYPTOARTS-https://opensea.,Nederland,chicharlichi,chicharlichi,https://pbs.twimg.com/profile_images/1450661691545505793/hcKIAmIf_normal.jpg,0.0
surudoiryu,0x9eb18874c0432c0f4f42c3dd7daa3ad8ca4a42da,-,-,"#NFT lover just collecting them for fun.
https://t.co/OGzGiXce4r
Variaty streamer on PC and VR. 
#Gamer #Streamer #Youtuber #opensea
https://t.co/tqch72DrhD",Netherlands,SurudoiRyu,SurudoiRyu,https://pbs.twimg.com/profile_images/1478752968765804557/ur2b_pWZ_normal.jpg,0.0
ITzODiN,0x5cFb65B39659caE0ba8ADc9D6B8E6081aaa19870,-,-,"Escaping the matrix.
https://t.co/8WzkjdtUs8
Think outside the box.

Streamer, Creator, Daydreamer. https://t.co/SFQOA5gd4g",England,Cory Reece,creece90,https://pbs.twimg.com/profile_images/1466204300544196611/3hFMKhAF_normal.jpg,0.0
ahhrub3n,0x49Ba19f7077e3C26f41614d13809bBD4aC776225,-,-,üá®üá∫ Graphic designer and #NFTartist https://t.co/HIIJEmL2LQ https://t.co/WG2YqEpf0M,Havana,Rub√©n Curbelo,RubenGraphic,https://pbs.twimg.com/profile_images/1478325380389945349/ewR0ShJH_normal.jpg,0.045522570433268
kahareddit,0xe060496ea9324cacf1316bb2a663dcc52c9db9fd,-,-,"Full time Photographer, part time NFT collector and upper echelon crypto pleb. My Collection: https://t.co/9hmYGWQPYB Discord: Kaha#0570","Hawaii, USA",Kaha.eth,Kauiet,https://pbs.twimg.com/profile_images/1464326924981837828/WOYK0v-W_normal.jpg,0.0147873437595409
jang004,0xa8ad3c8d9039a0d10040d187c44336e57456fece,-,-,"My luxury NFT is only One in the world.

C'mon My opensea 

https://t.co/zAk0uOZRnx",,Luxury_NFT_Collector,janh004,https://pbs.twimg.com/profile_images/1474824539502944256/z68theDe_normal.jpg,0.0
Molecularspy,0xAB7bc53C4a4eee9f7A6b64F641c4B16f93595d38,-,-,| PSYCHEDELIC | https://t.co/rRkgWllgW4,United Kingdom,Lofi Death,Lofi_Death,https://pbs.twimg.com/profile_images/1467753403573051392/GWM1oyrk_normal.jpg,0.0
Solidity888,0x5c910d03079af1964ab6d32770fE51522715185b,-,-,"Switched to Blockchain tech, Still writing üëΩüëΩüìîüëΩüëΩ#NFT #NFTcreator https://t.co/tdEhfMOdEq https://t.co/zCCSbQ84no",Planet Earth,PJB üëΩüëΩ,PJBlanchard888,https://pbs.twimg.com/profile_images/1468379169327226882/G5Ct31fZ_normal.jpg,0.0192314186571275
hcgmaster,0xd406b67dd9eeefee8c4951897bea595f11273049,-,-,Watch more: https://t.co/TL9HQ9uG7l,Japan,HCG Master,HcgMaster,https://pbs.twimg.com/profile_images/1443098344998400005/dl8Lw3g0_normal.jpg,0.0
Aledelax,0x07c9862A91e4cB5f0dCA9F35f98f9be9355D2746,-,-,"Join Celsius Network using my referral code when signing up and earn $50 in BTC with your first transfer of $400 or more!
https://t.co/rh1dofHlAp",Argentina,Aledelacruz,Aledelacruuz,https://pbs.twimg.com/profile_images/1456385590388215813/ovOQckf-_normal.jpg,0.0254425018625906
AppleLong2184,0xE89b8C65B6f8D6F43688cedB467978A6E01e55Eb,-,-,https://t.co/1un3T2gtdq,,Mahmoud,Mahmoud98608821,https://pbs.twimg.com/profile_images/1476191339100479489/IPXIW2tR_normal.jpg,0.0
artistmania,0x4de3F9ad9C437A7ba64bb7A93965868A3E4e9A45,-,-,Digital Artist | #NFT | artist for @thugteddyclub | https://t.co/Qv5j0xiR8N | https://t.co/gd0tcoRMcQ,pakistan,Art By Urooj,Artby_Urooj,https://pbs.twimg.com/profile_images/1475720225639251968/IDeHzrh8_normal.jpg,0.0589883002926384
CryptoKups,0x3614Ee40cED4fAf6D4C907062b5B6f7364584819,-,-,"Discord: wlepy#4196
Either I'm trading crypto, farming airdrops, or checking out NFTs.  
Join SOL Ghosts! https://t.co/XKnM6p3hHL
Join BKB! https://t.co/zpGdJNafKa",Mausoleum by the angel statue,Crypto Kups,CryptoKups,https://pbs.twimg.com/profile_images/1476307422805377024/iQa4GdgC_normal.jpg,0.0
brisenF1SK,0x17B40630E24E2511558Ddf3Ee6A47D397C36Adda,-,-,"Stargaze mythology collection of 26.
Made by a Norwegian dude.

https://t.co/qgfrruUOID‚Ä¶

NFT's on the Solana blockchain.",Norway,FISK,Stargaze_MC,https://pbs.twimg.com/profile_images/1471867206715723794/eFoiH510_normal.jpg,0.0
Ornery-Angle-,0x876388c072190e8dad4b0ef79bbf454bd968a205,-,-,https://t.co/rz14GY7EWW Collecter,,Ornery-angle-,AngleOrnery,https://pbs.twimg.com/profile_images/1460399652851826692/dRliQyVY_normal.jpg,0.0295332870776495
joshidance,0x1d0730129fdf3fd22270d963eb388db10c7c2480,-,-,"A dance artiste in love with ART!
NFT collector in the making...check out my few collections here https://t.co/8FRG9opFqT if you love it make an offer","Imo, Nigeria",Joshidance,Joshidance1,https://pbs.twimg.com/profile_images/1463207930136875013/El6YO1Jv_normal.jpg,0.0
Eratruth,0x79F7f40F236184E01edF686a5c38b8166a4eF5B5,-,-,YOLO-REAL-DEAL-devilshRight-notNegative-notHatefull-spreadLoveNoWar-SARCAST-CYNICAL-humor-FreshVieuw-Truthfull-NFTNFTNFTNFTNFTNFTNFT-CRYPTOARTS-https://opensea.,Nederland,chicharlichi,chicharlichi,https://pbs.twimg.com/profile_images/1450661691545505793/hcKIAmIf_normal.jpg,0.0
Robmic503,0x2953399124f0cbb46d2cbacd8a89cf0599974963,-,-,"Check out my #NFTs Unique collections on #opensea
https://t.co/akS4A0PKN1
#NFTcreator enthusiast, playing with #AI #CGI for creating faces
PLZ #Like #RT #FollowMe",Tel Aviv,NFT üÖ∞Ô∏è‚ÑπÔ∏è Faces üòÄüëç,NFTTreasures1,https://pbs.twimg.com/profile_images/1453758947647705092/9ijx4UmM_normal.jpg,13.64268630801232
CravingBeaver,0xa38cc5e4207f6d73f720ef70d732114efe69e3c5,-,-,Cellar √êoor | Uncommon Sense | Filmmaker üé• | Web3 Œûnthusiast üåê | Watch the commercial for my first ever NFT üëâüèº https://t.co/RrPIYFDCF5,Worldwide Citizen ,ColeDoran.eth,ColeDoran,https://pbs.twimg.com/profile_images/1478975649733914626/j4nY_Z5f_normal.jpg,0.000154306555599
Mastag2021,0xdd2bef778b670410f2457d89a7edf86858d09b77,-,-,https://t.co/i5kg58kWVS,,Gary Davis,GaryDavis2020,https://pbs.twimg.com/profile_images/1477405006055854083/0qR2Tec9_normal.jpg,0.0
Mundane_Secretary257,0x6cba7ac2a051991890555e3ac40dc5ecf89fefd8,-,-,"Wild Goat Gang  https://t.co/PIEuOfpkKw
https://t.co/wTcXuMG67V
Eth  0x6cba7ac2a051991890555e3ac40dc5ecf89fefd8",Tampa Fl,Stoned_Goat WGG (üêêüêêüêê),NFT__WAGMI,https://pbs.twimg.com/profile_images/1473057766180855819/prLTiq_4_normal.jpg,0.192798810010347
Syn_Strykiir,0xCeE121Cac94cbB5B7566D8E4911a99E9FDBBe3D2,-,-,"NFT: https://t.co/p1ElorlINz 0xCeE121Cac94cbB5B7566D8E4911a99E9FDBBe3D2 

https://t.co/0o90sL5eyN",Tombs of the Primevil Kings,Syn Strykiir,SynlesChyld,https://pbs.twimg.com/profile_images/348626003/Aion_sig_normal.jpg,0.0
